timestamp,gx,gy,gz,ax,ay,az
0.000000,-0.003796,0.008421,0.002313,-0.000000,-0.000000,9.810000
0.019745,-0.008159,0.006240,0.004494,-0.000000,-0.000000,9.810000
0.039858,0.050745,-0.137750,-0.006414,-0.000000,-0.000000,9.810000
0.059932,0.120559,0.455662,0.356833,-0.000000,-0.000000,9.810000
0.079990,0.711789,1.081799,0.952426,-0.000000,-0.000000,9.810000
0.100053,-0.144513,0.415301,0.846616,-0.000000,-0.000000,9.810000
0.120195,-0.281958,-0.016668,0.769167,-0.000000,-0.000000,9.810000
0.140262,0.170737,0.092415,-0.022777,-0.000000,-0.000000,9.810000
0.160326,0.035474,-0.016668,-0.320573,-0.000000,-0.000000,9.810000
0.180557,0.030020,-0.079936,0.003403,-0.000000,-0.000000,9.810000
0.200521,-0.094335,-0.029758,0.199753,-0.000000,-0.000000,9.810000
0.220654,-0.023431,0.024784,-0.003142,-0.000000,-0.000000,9.810000
0.240770,0.032201,0.026965,-0.059865,-0.000000,-0.000000,9.810000
0.260868,0.006021,0.012785,0.041582,-0.000000,-0.000000,9.810000
0.280911,0.001658,-0.002487,-0.050047,-0.000000,-0.000000,9.810000
0.300993,-0.010341,-0.000305,-0.055501,-0.000000,-0.000000,9.810000
0.321043,0.021293,-0.016668,0.060127,-0.000000,-0.000000,9.810000
0.341173,0.013657,0.046600,0.018675,-0.000000,-0.000000,9.810000
0.361308,0.004931,-0.030849,-0.026049,-0.000000,-0.000000,9.810000
0.381399,-0.001614,-0.010123,-0.005323,-0.000000,-0.000000,9.810000
0.401501,0.021293,0.033510,-0.018413,-0.000000,-0.000000,9.810000
0.421610,-0.021249,-0.062483,-0.026049,-0.000000,-0.000000,9.810000
0.441692,-0.002705,-0.034121,0.008858,-0.000000,-0.000000,9.810000
0.461742,0.023475,0.029147,0.016493,-0.000000,-0.000000,9.810000
0.481825,0.028929,0.002967,0.020857,-0.000000,-0.000000,9.810000
0.501920,-0.016886,-0.084299,-0.019504,-0.000000,-0.000000,9.810000
0.522028,-0.026704,-0.006850,-0.054411,-0.000000,-0.000000,9.810000
0.542115,-0.045248,0.001876,0.001222,-0.000000,-0.000000,9.810000
0.562223,0.030020,0.019330,0.032856,-0.000000,-0.000000,9.810000
0.582329,0.036565,0.043328,0.001222,-0.000000,-0.000000,9.810000
0.602556,-0.022340,0.031329,0.061217,-0.000000,-0.000000,9.810000
0.622583,-0.010341,0.074962,-0.009687,-0.000000,-0.000000,9.810000
0.642633,0.010385,0.042237,-0.044593,-0.000000,-0.000000,9.810000
0.662743,0.012566,-0.023213,0.045946,-0.000000,-0.000000,9.810000
0.682843,0.002749,0.028056,-0.036957,-0.000000,-0.000000,9.810000
0.702924,-0.001614,-0.022122,0.030674,-0.000000,-0.000000,9.810000
0.722984,-0.027794,0.059690,0.005585,-0.000000,-0.000000,9.810000
0.743080,-0.020159,0.009512,-0.007505,-0.000000,-0.000000,9.810000
0.763168,0.045291,-0.067937,0.038310,-0.000000,-0.000000,9.810000
0.783356,0.046382,-0.031940,-0.054411,-0.000000,-0.000000,9.810000
0.803356,-0.043066,0.024784,0.035037,-0.000000,-0.000000,9.810000
0.823504,-0.021249,0.006240,0.015403,-0.000000,-0.000000,9.810000
0.843597,0.019111,-0.003578,-0.029322,-0.000000,-0.000000,9.810000
0.863641,0.010385,0.001876,0.038310,-0.000000,-0.000000,9.810000
0.883672,0.011476,-0.005760,0.035037,-0.000000,-0.000000,9.810000
0.903747,0.067108,-0.011214,0.042673,-0.000000,-0.000000,9.810000
0.923898,-0.000524,0.025875,-0.005323,-0.000000,-0.000000,9.810000
0.944010,-0.016886,-0.016668,0.026311,-0.000000,-0.000000,9.810000
0.964083,-0.004887,0.006240,-0.008596,-0.000000,-0.000000,9.810000
0.984181,0.002749,0.011694,0.001222,-0.000000,-0.000000,9.810000
1.004647,-0.003796,-0.004669,-0.008596,-0.000000,-0.000000,9.810000
1.024391,0.002749,-0.015577,0.006676,-0.000000,-0.000000,9.810000
1.044481,-0.005978,-0.001396,-0.008596,-0.000000,-0.000000,9.810000
1.064532,0.025656,-0.083209,-0.117679,-0.000000,-0.000000,9.810000
1.084723,-0.028885,-0.025395,-0.147131,-0.000000,-0.000000,9.810000
1.104774,-0.009250,-0.066846,0.043764,-0.000000,-0.000000,9.810000
1.124827,0.003840,0.018239,0.003403,-0.000000,-0.000000,9.810000
1.144977,-0.010341,-0.075573,-0.076227,-0.000000,-0.000000,9.810000
1.165065,-0.005978,-0.055938,0.040492,-0.000000,-0.000000,9.810000
1.185222,0.036565,-0.046120,0.004494,-0.000000,-0.000000,9.810000
1.205330,-0.034339,-0.084299,0.049218,-0.000000,-0.000000,9.810000
1.225411,0.051836,-0.070119,0.183390,-0.000000,-0.000000,9.810000
1.245460,-0.008159,-0.064664,0.131031,-0.000000,-0.000000,9.810000
1.265499,-0.026704,0.040055,-0.117679,-0.000000,-0.000000,9.810000
1.285600,-0.026704,-0.001396,0.031765,-0.000000,-0.000000,9.810000
1.305742,0.018021,-0.018850,0.103760,-0.000000,-0.000000,9.810000
1.325835,0.042019,-0.004669,-0.098044,-0.000000,-0.000000,9.810000
1.345941,-0.055065,-0.029758,0.088488,-0.000000,-0.000000,9.810000
1.366026,-0.004887,-0.028667,0.153938,-0.000000,-0.000000,9.810000
1.386094,0.042019,-0.002487,-0.095862,-0.000000,-0.000000,9.810000
1.406216,0.046382,0.033510,-0.259487,-0.000000,-0.000000,9.810000
1.426262,0.002749,-0.017759,-0.142768,-0.000000,-0.000000,9.810000
1.446357,0.003840,-0.026485,-0.132950,-0.000000,-0.000000,9.810000
1.466428,0.001658,-0.015577,0.027402,-0.000000,-0.000000,9.810000
1.486514,0.002749,-0.060301,0.054672,-0.000000,-0.000000,9.810000
1.506660,-0.062701,0.038964,0.139757,-0.000000,-0.000000,9.810000
1.526805,-0.014704,-0.037394,0.208480,-0.000000,-0.000000,9.810000
1.546864,0.020202,-0.081027,0.141939,-0.000000,-0.000000,9.810000
1.566967,-0.032158,-0.029758,0.016493,-0.000000,-0.000000,9.810000
1.587070,-0.024522,-0.004669,-0.046775,-0.000000,-0.000000,9.810000
1.607095,0.018021,-0.001396,0.030674,-0.000000,-0.000000,9.810000
1.627219,0.057290,0.001876,0.038310,-0.000000,-0.000000,9.810000
1.647266,0.016930,0.026965,0.110305,-0.000000,-0.000000,9.810000
1.667329,-0.008159,-0.075573,0.311018,-0.000000,-0.000000,9.810000
1.687477,-0.098698,-0.003578,0.098306,-0.000000,-0.000000,9.810000
1.707568,0.018021,-0.017759,-0.160221,-0.000000,-0.000000,9.810000
1.727654,0.237278,-0.003578,-0.370752,-0.000000,-0.000000,9.810000
1.747755,-0.026704,0.086961,-0.310756,-0.000000,-0.000000,9.810000
1.767852,0.179463,0.156774,-0.474380,-0.000000,-0.000000,9.810000
1.787931,0.030020,-0.238107,-0.233307,-0.000000,-0.000000,9.810000
1.808010,0.028929,-0.130114,0.057945,-0.000000,-0.000000,9.810000
1.828072,-0.080154,-0.024304,0.108123,-0.000000,-0.000000,9.810000
1.848180,-0.249233,0.069508,0.069944,-0.000000,-0.000000,9.810000
1.868266,-0.065973,-0.031940,0.025220,-0.000000,-0.000000,9.810000
1.888349,-0.108516,0.006240,0.102669,-0.000000,-0.000000,9.810000
1.908508,-0.027794,0.045509,0.176845,-0.000000,-0.000000,9.810000
1.928601,-0.029976,0.002967,0.330653,-0.000000,-0.000000,9.810000
1.948642,-0.172875,-0.042848,0.614269,-0.000000,-0.000000,9.810000
1.968745,-0.079063,-0.160658,0.483369,-0.000000,-0.000000,9.810000
1.988828,-0.071428,-0.538085,0.293564,-0.000000,-0.000000,9.810000
2.009300,-0.029976,0.167683,0.447372,-0.000000,-0.000000,9.810000
2.029003,0.460898,-0.083209,-0.306393,-0.000000,-0.000000,9.810000
2.049080,0.159829,0.368395,-0.729635,-0.000000,-0.000000,9.810000
2.069280,0.086743,0.245131,-0.465654,-0.000000,-0.000000,9.810000
2.089323,0.174009,0.154593,-0.404567,-0.000000,-0.000000,9.810000
2.109489,0.196917,0.065144,-0.328209,-0.000000,-0.000000,9.810000
2.129563,0.152193,0.083689,-0.078409,-0.000000,-0.000000,9.810000
2.149593,-0.221962,0.157865,0.136485,-0.000000,-0.000000,9.810000
2.169708,-0.209963,0.056418,0.088488,-0.000000,-0.000000,9.810000
2.189831,-0.157603,-0.273013,0.145211,-0.000000,-0.000000,9.810000
2.209906,-0.331045,-0.461727,0.197571,-0.000000,-0.000000,9.810000
2.229952,-0.232871,-0.305738,0.571726,-0.000000,-0.000000,9.810000
2.250104,-0.293957,-0.565356,0.593543,-0.000000,-0.000000,9.810000
2.270156,-0.076882,-0.342826,0.169210,-0.000000,-0.000000,9.810000
2.290266,0.589616,0.477478,0.304473,-0.000000,-0.000000,9.810000
2.310325,0.195826,-0.311192,0.958971,-0.000000,-0.000000,9.810000
2.330465,0.663792,-0.291557,0.987333,-0.000000,-0.000000,9.810000
2.350534,0.395448,-0.055938,0.519366,-0.000000,-0.000000,9.810000
2.370662,-0.224144,0.992351,-0.312938,-0.000000,-0.000000,9.810000
2.390729,-0.221962,0.602924,-0.930348,-0.000000,-0.000000,9.810000
2.410849,0.219824,0.697826,-1.337228,-0.000000,-0.000000,9.810000
2.430943,-0.095426,-0.005760,-0.609644,-0.000000,-0.000000,9.810000
2.451050,-0.072518,-0.348280,0.357923,-0.000000,-0.000000,9.810000
2.471134,-0.212145,0.110959,0.569545,-0.000000,-0.000000,9.810000
2.491220,-0.073609,-0.022122,0.379740,-0.000000,-0.000000,9.810000
2.511352,-0.298320,-0.580627,0.193208,-0.000000,-0.000000,9.810000
2.531543,-0.553575,-0.227198,-0.094771,-0.000000,-0.000000,9.810000
2.551525,-0.501215,0.594197,0.543365,-0.000000,-0.000000,9.810000
2.571596,-0.098698,-0.634078,0.878250,-0.000000,-0.000000,9.810000
2.591630,-0.205600,-0.587172,0.665538,-0.000000,-0.000000,9.810000
2.611825,0.667065,0.604015,0.385194,-0.000000,-0.000000,9.810000
2.631866,1.178664,0.682555,0.414647,-0.000000,-0.000000,9.810000
2.651920,0.888503,-0.018850,0.441917,-0.000000,-0.000000,9.810000
2.672060,0.398720,-0.055938,0.319744,-0.000000,-0.000000,9.810000
2.692158,-0.182692,0.584380,0.066672,-0.000000,-0.000000,9.810000
2.712312,-0.205600,0.629104,-0.380569,-0.000000,-0.000000,9.810000
2.732327,-0.722654,0.241859,-0.885624,-0.000000,-0.000000,9.810000
2.752405,0.018021,0.205862,-1.476854,-0.000000,-0.000000,9.810000
2.772532,0.136921,0.239677,-0.607462,-0.000000,-0.000000,9.810000
2.792562,-0.219781,-0.424639,0.484460,-0.000000,-0.000000,9.810000
2.812731,-0.313592,0.148048,0.445190,-0.000000,-0.000000,9.810000
2.832799,0.338725,-0.727890,0.215025,-0.000000,-0.000000,9.810000
2.852836,-0.369224,-1.072592,0.012130,-0.000000,-0.000000,9.810000
2.872981,-1.265887,-0.012305,0.726624,-0.000000,-0.000000,9.810000
2.893082,-0.135787,-0.156294,1.389849,-0.000000,-0.000000,9.810000
2.913190,-0.002705,-0.190110,1.050601,-0.000000,-0.000000,9.810000
2.933234,0.566708,0.502568,0.448462,-0.000000,-0.000000,9.810000
2.953367,0.971407,1.076345,0.616450,-0.000000,-0.000000,9.810000
2.973411,0.562345,-1.860172,0.521548,-0.000000,-0.000000,9.810000
2.993620,0.422719,-0.500997,0.356833,-0.000000,-0.000000,9.810000
3.014077,0.410720,0.688009,0.337198,-0.000000,-0.000000,9.810000
3.033795,-0.043066,0.879995,-0.340208,-0.000000,-0.000000,9.810000
3.053888,-0.559029,0.748004,-0.531104,-0.000000,-0.000000,9.810000
3.073971,-0.480489,-0.123569,-1.507397,-0.000000,-0.000000,9.810000
3.094033,-0.088881,0.073871,-1.360135,-0.000000,-0.000000,9.810000
3.114123,0.198008,-0.166112,-0.402386,-0.000000,-0.000000,9.810000
3.134199,0.052927,-0.574082,0.292474,-0.000000,-0.000000,9.810000
3.154276,0.259094,-0.077754,-0.035867,-0.000000,-0.000000,9.810000
3.174374,0.264548,-0.862062,0.153938,-0.000000,-0.000000,9.810000
3.194553,-1.585501,0.067326,1.100779,-0.000000,-0.000000,9.810000
3.214620,-0.447764,-1.102045,1.728007,-0.000000,-0.000000,9.810000
3.234696,-0.393223,-0.839154,1.803274,-0.000000,-0.000000,9.810000
3.254831,0.483805,0.793819,1.433483,-0.000000,-0.000000,9.810000
3.274863,1.676083,0.245131,0.792074,-0.000000,-0.000000,9.810000
3.294953,-0.022340,-0.868607,0.510640,-0.000000,-0.000000,9.810000
3.315039,0.468534,-0.701710,0.529184,-0.000000,-0.000000,9.810000
3.335114,0.529620,0.593107,0.344833,-0.000000,-0.000000,9.810000
3.355205,-0.115061,0.874541,-0.683820,-0.000000,-0.000000,9.810000
3.375309,-0.706291,0.883268,-1.141969,-0.000000,-0.000000,9.810000
3.395430,-1.178621,1.866106,-1.867371,-0.000000,-0.000000,9.810000
3.415536,0.485987,0.691281,-2.000000,-0.000000,-0.000000,9.810000
3.435620,0.578708,-0.063574,-1.560848,-0.000000,-0.000000,9.810000
3.455719,-0.039794,0.383667,-0.188583,-0.000000,-0.000000,9.810000
3.475785,0.422719,-0.187928,0.501913,-0.000000,-0.000000,9.810000
3.495871,0.840507,-0.243561,0.379740,-0.000000,-0.000000,9.810000
3.515954,-0.156512,-0.095208,0.696081,-0.000000,-0.000000,9.810000
3.536041,-1.247343,-1.568920,1.912357,-0.000000,-0.000000,9.810000
3.556136,-1.165531,0.436027,2.000000,-0.000000,-0.000000,9.810000
3.576238,-0.495761,0.093506,2.000000,-0.000000,-0.000000,9.810000
3.596344,0.494714,-0.371188,0.361196,-0.000000,-0.000000,9.810000
3.616453,0.353996,-0.877333,0.136485,-0.000000,-0.000000,9.810000
3.636539,0.860142,-0.315556,0.278293,-0.000000,-0.000000,9.810000
3.656595,0.877595,0.780729,0.567363,-0.000000,-0.000000,9.810000
3.676718,0.572163,0.576744,0.215025,-0.000000,-0.000000,9.810000
3.696784,-0.655022,1.217062,-1.068883,-0.000000,-0.000000,9.810000
3.716901,-1.506961,2.000000,-1.912095,-0.000000,-0.000000,9.810000
3.736948,0.231823,-0.776977,-2.000000,-0.000000,-0.000000,9.810000
3.757042,0.751059,-0.874061,-2.000000,-0.000000,-0.000000,9.810000
3.777233,-0.182692,0.568017,-0.912894,-0.000000,-0.000000,9.810000
3.797322,0.916865,-0.608989,0.272839,-0.000000,-0.000000,9.810000
3.817418,1.352107,0.233132,0.061217,-0.000000,-0.000000,9.810000
3.837578,0.229642,0.889812,-0.149313,-0.000000,-0.000000,9.810000
3.857613,-0.434674,-0.975508,0.831344,-0.000000,-0.000000,9.810000
3.877646,-1.835301,-0.900241,1.785821,-0.000000,-0.000000,9.810000
3.897799,-1.986926,-0.418094,2.000000,-0.000000,-0.000000,9.810000
3.917849,-1.693493,-0.230471,1.519658,-0.000000,-0.000000,9.810000
3.937997,-0.055065,-0.160658,-0.020595,-0.000000,-0.000000,9.810000
3.958050,0.803419,0.672737,-0.030412,-0.000000,-0.000000,9.810000
3.978176,1.126305,0.552746,0.500822,-0.000000,-0.000000,9.810000
3.998258,0.145648,1.257422,0.476824,-0.000000,-0.000000,9.810000
4.018758,-0.723744,1.789748,-0.032594,-0.000000,-0.000000,9.810000
4.038467,-0.805557,0.821090,-1.645933,-0.000000,-0.000000,9.810000
4.058593,1.393558,-1.167494,-1.833556,-0.000000,-0.000000,9.810000
4.078684,2.000000,-0.908967,-1.506306,-0.000000,-0.000000,9.810000
4.098719,0.619068,0.924719,-0.466745,-0.000000,-0.000000,9.810000
4.118816,2.000000,-1.308212,0.261930,-0.000000,-0.000000,9.810000
4.138932,1.348834,0.072780,-0.501651,-0.000000,-0.000000,9.810000
4.159033,0.935409,0.116413,-0.903077,-0.000000,-0.000000,9.810000
4.179230,-0.987725,-0.211927,0.204116,-0.000000,-0.000000,9.810000
4.199228,-1.826574,-0.737707,0.999332,-0.000000,-0.000000,9.810000
4.219408,-2.000000,-1.070410,1.827272,-0.000000,-0.000000,9.810000
4.239406,-1.809121,-0.381005,2.000000,-0.000000,-0.000000,9.810000
4.259444,-0.968090,-0.403913,2.000000,-0.000000,-0.000000,9.810000
4.279510,0.357269,-0.519541,0.355742,-0.000000,-0.000000,9.810000
4.299599,1.029221,0.035692,0.161574,-0.000000,-0.000000,9.810000
4.319724,1.348834,1.643577,0.269566,-0.000000,-0.000000,9.810000
4.339813,0.114014,1.765750,0.113577,-0.000000,-0.000000,9.810000
4.359939,-0.978999,1.726480,-0.366388,-0.000000,-0.000000,9.810000
4.380017,-1.149168,-0.876243,-2.000000,-0.000000,-0.000000,9.810000
4.400114,2.000000,0.032419,-1.133242,-0.000000,-0.000000,9.810000
4.420199,-0.917912,-0.069028,-0.351117,-0.000000,-0.000000,9.810000
4.440301,1.414284,-0.926421,0.886976,-0.000000,-0.000000,9.810000
4.460424,1.613906,-0.009032,0.158301,-0.000000,-0.000000,9.810000
4.480432,1.054310,-0.158476,-0.300938,-0.000000,-0.000000,9.810000
4.500551,0.035474,-0.078845,0.203025,-0.000000,-0.000000,9.810000
4.520639,-1.668404,-1.318029,1.505477,-0.000000,-0.000000,9.810000
4.540725,-2.000000,-1.625643,2.000000,-0.000000,-0.000000,9.810000
4.560839,-2.000000,-0.276286,2.000000,-0.000000,-0.000000,9.810000
4.580959,-1.428421,-0.874061,1.701827,-0.000000,-0.000000,9.810000
4.600990,0.657247,-1.078046,-0.545285,-0.000000,-0.000000,9.810000
4.621097,1.569182,0.140412,-0.288939,-0.000000,-0.000000,9.810000
4.641172,1.880069,0.843998,-0.007505,-0.000000,-0.000000,9.810000
4.661368,0.875414,0.929082,-0.249669,-0.000000,-0.000000,9.810000
4.681383,0.264548,0.815636,-0.660913,-0.000000,-0.000000,9.810000
4.701609,-0.574301,1.314146,-1.877189,-0.000000,-0.000000,9.810000
4.721609,-0.464127,0.210225,-2.000000,-0.000000,-0.000000,9.810000
4.741733,0.160919,0.143684,-2.000000,-0.000000,-0.000000,9.810000
4.761824,0.201280,-0.469363,-1.265233,-0.000000,-0.000000,9.810000
4.781891,0.523075,-0.714800,-0.612916,-0.000000,-0.000000,9.810000
4.801980,1.173210,-0.150840,-0.352207,-0.000000,-0.000000,9.810000
4.822601,-0.528486,-0.211927,0.319744,-0.000000,-0.000000,9.810000
4.842705,-1.254979,-0.780249,1.401848,-0.000000,-0.000000,9.810000
4.862770,-2.000000,-0.847881,2.000000,-0.000000,-0.000000,9.810000
4.882837,-2.000000,-1.210037,2.000000,-0.000000,-0.000000,9.810000
4.902911,-0.804466,-0.379915,2.000000,-0.000000,-0.000000,9.810000
4.923122,0.897230,-1.025686,0.391739,-0.000000,-0.000000,9.810000
4.943178,2.000000,0.010603,-0.041321,-0.000000,-0.000000,9.810000
4.963301,1.954245,1.193063,0.435372,-0.000000,-0.000000,9.810000
4.983393,1.046674,1.129795,0.167028,-0.000000,-0.000000,9.810000
5.003427,0.215461,0.876723,-0.581282,-0.000000,-0.000000,9.810000
5.023920,-0.317955,1.389413,-1.364498,-0.000000,-0.000000,9.810000
5.043600,-1.767669,0.797092,-2.000000,-0.000000,-0.000000,9.810000
5.063971,0.968134,-1.123861,-2.000000,-0.000000,-0.000000,9.810000
5.083848,0.489259,-0.077754,-1.901187,-0.000000,-0.000000,9.810000
5.103984,0.734696,-0.796612,-0.913985,-0.000000,-0.000000,9.810000
5.123986,0.708516,-0.324282,-0.406749,-0.000000,-0.000000,9.810000
5.144103,-1.097899,0.349851,0.020857,-0.000000,-0.000000,9.810000
5.164187,-1.017178,-1.553648,1.209862,-0.000000,-0.000000,9.810000
5.184299,-1.948747,-2.000000,2.000000,-0.000000,-0.000000,9.810000
5.204420,-2.000000,-1.059502,2.000000,-0.000000,-0.000000,9.810000
5.224422,-0.311410,-0.544630,2.000000,-0.000000,-0.000000,9.810000
5.244542,1.064127,-0.697346,1.448754,-0.000000,-0.000000,9.810000
5.264654,1.613906,1.293420,0.702626,-0.000000,-0.000000,9.810000
5.284790,1.889886,1.855198,1.136777,-0.000000,-0.000000,9.810000
5.304918,1.273567,1.666484,0.881522,-0.000000,-0.000000,9.810000
5.324956,-0.171784,1.042529,0.066672,-0.000000,-0.000000,9.810000
5.345083,-1.020450,1.969735,-0.605280,-0.000000,-0.000000,9.810000
5.365217,0.110741,-0.757342,-1.825920,-0.000000,-0.000000,9.810000
5.385208,2.000000,-1.246034,-0.969618,-0.000000,-0.000000,9.810000
5.405362,-1.247343,0.234223,-0.826719,-0.000000,-0.000000,9.810000
5.425525,1.112124,-0.856608,-0.586736,-0.000000,-0.000000,9.810000
5.445602,1.832072,0.986896,-1.144151,-0.000000,-0.000000,9.810000
5.465645,0.319090,-0.144295,-1.271778,-0.000000,-0.000000,9.810000
5.485804,-1.503688,-0.623170,-0.380569,-0.000000,-0.000000,9.810000
5.505888,-2.000000,-1.614735,1.008059,-0.000000,-0.000000,9.810000
5.525992,-2.000000,-1.156586,2.000000,-0.000000,-0.000000,9.810000
5.546075,-1.892024,0.193862,2.000000,-0.000000,-0.000000,9.810000
5.566166,-0.353953,0.053145,1.733461,-0.000000,-0.000000,9.810000
5.586219,0.660520,0.730551,0.569545,-0.000000,-0.000000,9.810000
5.606298,2.000000,1.766840,1.274221,-0.000000,-0.000000,9.810000
5.626401,1.256113,1.421047,1.122596,-0.000000,-0.000000,9.810000
5.646523,-0.117242,1.163611,0.376468,-0.000000,-0.000000,9.810000
5.666587,-1.131715,1.385050,-0.127496,-0.000000,-0.000000,9.810000
5.686750,1.251750,-1.471836,-0.627097,-0.000000,-0.000000,9.810000
5.706846,2.000000,-1.019141,0.249931,-0.000000,-0.000000,9.810000
5.726943,-0.613571,0.305127,0.203025,-0.000000,-0.000000,9.810000
5.747001,2.000000,-1.795813,0.457189,-0.000000,-0.000000,9.810000
5.767061,1.693537,0.966171,-0.458018,-0.000000,-0.000000,9.810000
5.787143,-0.072518,0.308400,-0.644550,-0.000000,-0.000000,9.810000
5.807265,-1.261524,-0.927512,0.107032,-0.000000,-0.000000,9.810000
5.827374,-2.000000,-1.184948,0.804073,-0.000000,-0.000000,9.810000
5.847449,-2.000000,-0.845699,1.471662,-0.000000,-0.000000,9.810000
5.867586,-2.000000,-0.388641,1.574200,-0.000000,-0.000000,9.810000
5.887681,-0.254687,0.688009,1.937446,-0.000000,-0.000000,9.810000
5.907750,0.657247,0.893085,1.484752,-0.000000,-0.000000,9.810000
5.927866,1.555001,1.176701,1.383304,-0.000000,-0.000000,9.810000
5.947927,0.740151,0.788365,0.650266,-0.000000,-0.000000,9.810000
5.968008,-0.509942,0.872359,0.055763,-0.000000,-0.000000,9.810000
5.988149,-2.000000,1.406866,-0.987071,-0.000000,-0.000000,9.810000
6.008225,1.116487,-1.499107,-2.000000,-0.000000,-0.000000,9.810000
6.028818,2.000000,-0.733344,-1.267414,-0.000000,-0.000000,9.810000
6.048496,-0.036521,0.134958,-1.796467,-0.000000,-0.000000,9.810000
6.068620,1.893159,-1.905987,-0.900895,-0.000000,-0.000000,9.810000
6.088916,1.613906,1.832290,-1.541213,-0.000000,-0.000000,9.810000
6.108777,0.565618,-0.629715,-1.342682,-0.000000,-0.000000,9.810000
6.128837,-1.620407,-0.987507,0.332834,-0.000000,-0.000000,9.810000
6.148874,-1.961837,-1.333301,1.598198,-0.000000,-0.000000,9.810000
6.169004,-1.924749,0.391303,2.000000,-0.000000,-0.000000,9.810000
6.189170,-2.000000,-1.488199,1.945082,-0.000000,-0.000000,9.810000
6.209285,-0.183783,0.835271,1.491297,-0.000000,-0.000000,9.810000
6.229324,0.842689,1.497405,0.824799,-0.000000,-0.000000,9.810000
6.249450,1.091398,1.436319,0.782257,-0.000000,-0.000000,9.810000
6.269531,0.540528,1.529039,-0.142768,-0.000000,-0.000000,9.810000
6.289615,-0.733562,1.163611,-0.817992,-0.000000,-0.000000,9.810000
6.309682,-1.064084,0.912720,-1.644842,-0.000000,-0.000000,9.810000
6.329759,1.613906,-0.889333,-1.564120,-0.000000,-0.000000,9.810000
6.349854,1.826618,-1.972528,-1.312139,-0.000000,-0.000000,9.810000
6.370033,0.078016,0.975988,-0.687092,-0.000000,-0.000000,9.810000
6.389678,1.785166,-1.780541,-0.141677,-0.000000,-0.000000,9.810000
6.409723,2.000000,1.595580,-0.438383,-0.000000,-0.000000,9.810000
6.429810,0.923410,0.528747,-0.627097,-0.000000,-0.000000,9.810000
6.449899,-0.461945,-1.260215,0.291383,-0.000000,-0.000000,9.810000
6.470024,-2.000000,-0.996234,1.289493,-0.000000,-0.000000,9.810000
6.490558,-2.000000,-0.141023,1.560019,-0.000000,-0.000000,9.810000
6.510614,-2.000000,-2.000000,2.000000,-0.000000,-0.000000,9.810000
6.530785,0.518712,1.800656,2.000000,-0.000000,-0.000000,9.810000
6.550782,1.178664,1.510495,0.672083,-0.000000,-0.000000,9.810000
6.570951,1.013949,0.830908,0.799710,-0.000000,-0.000000,9.810000
6.591038,0.345270,0.536383,0.507367,-0.000000,-0.000000,9.810000
6.611159,-0.219781,1.178883,-0.122042,-0.000000,-0.000000,9.810000
6.631246,-1.108808,2.000000,-0.899804,-0.000000,-0.000000,9.810000
6.651364,0.194735,-0.978781,-2.000000,-0.000000,-0.000000,9.810000
6.671464,2.000000,-1.019141,-1.920822,-0.000000,-0.000000,9.810000
6.691587,1.198299,-0.977690,-1.775742,-0.000000,-0.000000,9.810000
6.711685,1.587726,-1.169676,-0.123133,-0.000000,-0.000000,9.810000
6.731688,1.925884,0.314945,0.005585,-0.000000,-0.000000,9.810000
6.751829,1.093580,-0.577355,-0.441656,-0.000000,-0.000000,9.810000
6.771892,-0.144513,-0.136659,-0.375115,-0.000000,-0.000000,9.810000
6.792007,-1.659677,-1.667095,1.054964,-0.000000,-0.000000,9.810000
6.812124,-2.000000,-1.614735,2.000000,-0.000000,-0.000000,9.810000
6.832207,-2.000000,-1.447838,2.000000,-0.000000,-0.000000,9.810000
6.852299,0.094379,0.000785,2.000000,-0.000000,-0.000000,9.810000
6.872412,0.551437,-0.050484,0.510640,-0.000000,-0.000000,9.810000
6.892447,1.282293,0.134958,0.447372,-0.000000,-0.000000,9.810000
6.912571,1.885523,0.681464,0.649175,-0.000000,-0.000000,9.810000
6.932633,1.044492,0.725097,0.108123,-0.000000,-0.000000,9.810000
6.952293,-0.465218,0.903993,-0.466745,-0.000000,-0.000000,9.810000
6.972374,-1.236435,1.765750,-1.859736,-0.000000,-0.000000,9.810000
6.992496,0.684518,-0.181383,-2.000000,-0.000000,-0.000000,9.810000
7.012584,0.156556,0.032419,-2.000000,-0.000000,-0.000000,9.810000
7.033040,0.351815,-0.593717,-0.756906,-0.000000,-0.000000,9.810000
7.052772,0.612523,-0.460636,-0.295484,-0.000000,-0.000000,9.810000
7.072849,1.234297,-0.468272,-0.454746,-0.000000,-0.000000,9.810000
7.092917,-1.221163,0.392394,-0.072955,-0.000000,-0.000000,9.810000
7.112994,-1.258252,-1.207855,0.838980,-0.000000,-0.000000,9.810000
7.133111,-2.000000,-1.819811,2.000000,-0.000000,-0.000000,9.810000
7.153755,-1.643315,-0.956964,2.000000,-0.000000,-0.000000,9.810000
7.173810,0.971407,0.823272,2.000000,-0.000000,-0.000000,9.810000
7.193956,1.024857,-0.848972,0.936064,-0.000000,-0.000000,9.810000
7.214065,0.770694,0.688009,0.651357,-0.000000,-0.000000,9.810000
7.234115,1.593180,0.768730,0.722261,-0.000000,-0.000000,9.810000
7.254203,0.857960,0.974897,0.288110,-0.000000,-0.000000,9.810000
7.274293,-0.205600,0.809091,-0.406749,-0.000000,-0.000000,9.810000
7.294304,-0.423766,1.934828,-1.407041,-0.000000,-0.000000,9.810000
7.314480,-0.695383,-0.045029,-2.000000,-0.000000,-0.000000,9.810000
7.334546,2.000000,-0.329736,-2.000000,-0.000000,-0.000000,9.810000
7.354742,-0.267777,-1.030050,-1.731018,-0.000000,-0.000000,9.810000
7.374800,1.307382,-1.561284,-1.134333,-0.000000,-0.000000,9.810000
7.394861,1.781894,0.767639,-1.342682,-0.000000,-0.000000,9.810000
7.414602,-0.745561,-0.799884,-0.382751,-0.000000,-0.000000,9.810000
7.434572,-1.497143,-1.524196,0.621904,-0.000000,-0.000000,9.810000
7.454637,-1.717491,-1.351845,1.755278,-0.000000,-0.000000,9.810000
7.474773,-1.610590,0.710916,2.000000,-0.000000,-0.000000,9.810000
7.494848,-0.262323,0.191681,2.000000,-0.000000,-0.000000,9.810000
7.514965,0.857960,0.431664,0.987333,-0.000000,-0.000000,9.810000
7.535043,0.357269,-0.159567,0.160483,-0.000000,-0.000000,9.810000
7.555214,1.065218,0.864723,0.399375,-0.000000,-0.000000,9.810000
7.575267,0.986678,1.522494,0.144121,-0.000000,-0.000000,9.810000
7.595332,-0.662658,1.757023,-0.720908,-0.000000,-0.000000,9.810000
7.615432,-1.223345,1.705754,-1.383043,-0.000000,-0.000000,9.810000
7.635504,1.245205,-0.350462,-1.582665,-0.000000,-0.000000,9.810000
7.656034,0.864505,-2.000000,-1.501943,-0.000000,-0.000000,9.810000
7.676141,-0.061610,1.698118,-0.823446,-0.000000,-0.000000,9.810000
7.696270,1.840799,-1.404205,-0.521286,-0.000000,-0.000000,9.810000
7.716374,1.555001,0.745823,-0.909622,-0.000000,-0.000000,9.810000
7.736464,-1.413149,0.620377,-0.360934,-0.000000,-0.000000,9.810000
7.756486,-0.639750,-1.251488,0.544455,-0.000000,-0.000000,9.810000
7.776619,-2.000000,0.021511,1.410575,-0.000000,-0.000000,9.810000
7.796743,-2.000000,-0.257742,2.000000,-0.000000,-0.000000,9.810000
7.816745,-1.995653,-1.040958,1.759641,-0.000000,-0.000000,9.810000
7.836891,0.069290,0.293128,1.658194,-0.000000,-0.000000,9.810000
7.856996,1.668447,0.843998,1.102961,-0.000000,-0.000000,9.810000
7.877074,2.000000,1.285784,1.297129,-0.000000,-0.000000,9.810000
7.897177,0.993223,1.115614,0.846616,-0.000000,-0.000000,9.810000
7.917357,-0.011432,0.956353,-0.057683,-0.000000,-0.000000,9.810000
7.937453,-1.240798,2.000000,-1.078701,-0.000000,-0.000000,9.810000
7.957542,-0.070337,-0.614443,-2.000000,-0.000000,-0.000000,9.810000
7.977623,2.000000,-2.000000,-1.302321,-0.000000,-0.000000,9.810000
7.997707,-1.609499,0.510203,-1.084155,-0.000000,-0.000000,9.810000
8.017722,1.113215,-1.201310,-0.375115,-0.000000,-0.000000,9.810000
8.038301,1.635723,1.032711,-0.744907,-0.000000,-0.000000,9.810000
8.058026,0.484896,-0.064664,-0.843081,-0.000000,-0.000000,9.810000
8.078129,-1.302976,-0.714800,0.044855,-0.000000,-0.000000,9.810000
8.098133,-2.000000,-1.266760,1.425847,-0.000000,-0.000000,9.810000
8.118310,-2.000000,-0.189019,2.000000,-0.000000,-0.000000,9.810000
8.138680,-1.983654,-0.185747,2.000000,-0.000000,-0.000000,9.810000
8.158575,-0.119424,0.452389,1.506568,-0.000000,-0.000000,9.810000
8.178764,1.116487,0.998896,0.906611,-0.000000,-0.000000,9.810000
8.198709,1.247387,1.054528,1.402939,-0.000000,-0.000000,9.810000
8.218840,1.112124,1.556310,1.033148,-0.000000,-0.000000,9.810000
8.238824,-0.277595,1.337053,0.228115,-0.000000,-0.000000,9.810000
8.258979,-1.108808,1.009804,-0.769996,-0.000000,-0.000000,9.810000
8.279099,1.109942,-1.536195,-1.119061,-0.000000,-0.000000,9.810000
8.299165,1.846253,-1.585283,-0.471108,-0.000000,-0.000000,9.810000
8.319282,-0.400858,1.473407,0.048127,-0.000000,-0.000000,9.810000
8.339475,1.561546,-1.904896,0.626268,-0.000000,-0.000000,9.810000
8.359484,1.809165,1.574854,0.289201,-0.000000,-0.000000,9.810000
8.379573,1.301928,0.331307,-0.030412,-0.000000,-0.000000,9.810000
8.399604,-0.779377,-0.804248,0.636085,-0.000000,-0.000000,9.810000
8.419738,-1.938930,-0.186837,1.224043,-0.000000,-0.000000,9.810000
8.439804,-2.000000,-1.600554,1.840362,-0.000000,-0.000000,9.810000
8.459888,-2.000000,-1.157677,1.875269,-0.000000,-0.000000,9.810000
8.480063,-1.786214,-0.869698,1.883996,-0.000000,-0.000000,9.810000
8.500134,1.079399,0.392394,1.030966,-0.000000,-0.000000,9.810000
8.520248,1.237569,0.605106,1.246951,-0.000000,-0.000000,9.810000
8.540382,1.606270,1.782112,1.329854,-0.000000,-0.000000,9.810000
8.560506,0.138012,1.534493,0.542274,-0.000000,-0.000000,9.810000
8.580505,-0.977908,1.548674,0.026311,-0.000000,-0.000000,9.810000
8.600601,-1.292067,-1.796904,-1.439766,-0.000000,-0.000000,9.810000
8.620745,1.373923,-1.905987,-0.647823,-0.000000,-0.000000,9.810000
8.640812,1.465553,-0.060301,0.257567,-0.000000,-0.000000,9.810000
8.660903,1.081581,-0.055938,0.786620,-0.000000,-0.000000,9.810000
8.681095,2.000000,-0.466090,0.517185,-0.000000,-0.000000,9.810000
8.701240,1.195027,0.938900,0.033947,-0.000000,-0.000000,9.810000
8.721320,-0.302684,0.190590,0.148484,-0.000000,-0.000000,9.810000
8.741491,-1.640042,-1.627825,1.280766,-0.000000,-0.000000,9.810000
8.761488,-2.000000,-1.570011,1.975625,-0.000000,-0.000000,9.810000
8.781579,-2.000000,-0.708255,2.000000,-0.000000,-0.000000,9.810000
8.801701,-2.000000,-0.822792,1.885087,-0.000000,-0.000000,9.810000
8.821764,0.977952,0.667283,0.584816,-0.000000,-0.000000,9.810000
8.841846,1.355379,0.371668,0.957880,-0.000000,-0.000000,9.810000
8.861990,1.826618,1.306510,0.867341,-0.000000,-0.000000,9.810000
8.882085,0.637612,0.465479,0.241205,-0.000000,-0.000000,9.810000
8.902181,-0.295048,0.403302,-0.328209,-0.000000,-0.000000,9.810000
8.922316,-2.000000,0.912720,-0.979435,-0.000000,-0.000000,9.810000
8.942343,1.009586,0.126231,-2.000000,-0.000000,-0.000000,9.810000
8.962474,2.000000,-0.367915,-2.000000,-0.000000,-0.000000,9.810000
8.982514,0.323453,-1.100954,-1.867371,-0.000000,-0.000000,9.810000
9.002660,1.235388,-1.474018,-0.788540,-0.000000,-0.000000,9.810000
9.022806,0.202371,0.645466,0.689536,-0.000000,-0.000000,9.810000
9.043271,-0.433583,-0.094117,1.231679,-0.000000,-0.000000,9.810000
9.063027,-0.587391,-0.822792,1.433483,-0.000000,-0.000000,9.810000
9.083100,-1.955292,-0.992961,2.000000,-0.000000,-0.000000,9.810000
9.103160,-2.000000,-0.325373,2.000000,-0.000000,-0.000000,9.810000
9.123233,-0.568846,-0.421366,2.000000,-0.000000,-0.000000,9.810000
9.143334,0.770694,-0.823883,0.477915,-0.000000,-0.000000,9.810000
9.163425,1.272476,0.405484,0.870614,-0.000000,-0.000000,9.810000
9.183523,1.341198,1.507223,0.994969,-0.000000,-0.000000,9.810000
9.203687,0.515439,1.567218,0.421192,-0.000000,-0.000000,9.810000
9.223718,-0.670294,1.450500,-0.227853,-0.000000,-0.000000,9.810000
9.243810,-1.853845,1.472316,-1.011069,-0.000000,-0.000000,9.810000
9.263938,1.681538,-0.963509,-1.624116,-0.000000,-0.000000,9.810000
9.284033,2.000000,-1.349663,-0.991434,-0.000000,-0.000000,9.810000
9.304109,0.070380,0.234223,-0.167857,-0.000000,-0.000000,9.810000
9.324135,1.955336,-1.610372,0.018675,-0.000000,-0.000000,9.810000
9.344293,1.750260,0.907266,-0.483107,-0.000000,-0.000000,9.810000
9.364375,-0.708473,0.463298,-0.237670,-0.000000,-0.000000,9.810000
9.384482,-0.764105,-1.064956,0.656811,-0.000000,-0.000000,9.810000
9.404552,-2.000000,-0.715890,1.493478,-0.000000,-0.000000,9.810000
9.424658,-2.000000,-0.521723,2.000000,-0.000000,-0.000000,9.810000
9.444780,-1.992381,-0.355916,2.000000,-0.000000,-0.000000,9.810000
9.464838,1.003041,-0.584991,0.962244,-0.000000,-0.000000,9.810000
9.484947,1.071763,0.549473,0.289201,-0.000000,-0.000000,9.810000
9.505023,1.358652,1.340326,0.842252,-0.000000,-0.000000,9.810000
9.525178,0.301637,1.080708,0.572817,-0.000000,-0.000000,9.810000
9.545180,-1.080446,1.598853,-0.090408,-0.000000,-0.000000,9.810000
9.565369,-1.692402,0.799274,-1.208510,-0.000000,-0.000000,9.810000
9.585446,1.346652,-1.267851,-1.357953,-0.000000,-0.000000,9.810000
9.605552,2.000000,-1.587464,-0.940165,-0.000000,-0.000000,9.810000
9.625647,-0.289594,0.901812,-0.110043,-0.000000,-0.000000,9.810000
9.645726,2.000000,-0.937329,-0.031503,-0.000000,-0.000000,9.810000
9.665819,1.802620,1.313055,-0.825628,-0.000000,-0.000000,9.810000
9.685924,-0.717199,0.249495,-0.807084,-0.000000,-0.000000,9.810000
9.706000,-1.331337,-1.186038,0.124486,-0.000000,-0.000000,9.810000
9.726110,-2.000000,-1.923440,1.239315,-0.000000,-0.000000,9.810000
9.746208,-2.000000,-0.852244,2.000000,-0.000000,-0.000000,9.810000
9.766259,-1.716400,0.194953,2.000000,-0.000000,-0.000000,9.810000
9.786361,1.341198,-0.103934,0.378649,-0.000000,-0.000000,9.810000
9.806523,1.617178,0.550564,0.172482,-0.000000,-0.000000,9.810000
9.826604,1.604088,0.982533,0.732078,-0.000000,-0.000000,9.810000
9.846728,0.956135,1.146158,0.411374,-0.000000,-0.000000,9.810000
9.866827,-0.247051,0.525475,-0.172220,-0.000000,-0.000000,9.810000
9.886871,-1.273523,0.864723,-1.317593,-0.000000,-0.000000,9.810000
9.906994,-0.192510,-0.929693,-2.000000,-0.000000,-0.000000,9.810000
9.927079,2.000000,-0.196655,-1.691748,-0.000000,-0.000000,9.810000
9.947185,-0.535031,-0.357007,-0.898714,-0.000000,-0.000000,9.810000
9.967304,1.023767,-1.109680,-0.506015,-0.000000,-0.000000,9.810000
9.987463,1.643358,0.727279,-0.762360,-0.000000,-0.000000,9.810000
10.007478,-1.005179,0.947627,-0.245306,-0.000000,-0.000000,9.810000
10.027591,-1.057539,-1.256943,0.886976,-0.000000,-0.000000,9.810000
10.048120,-2.000000,-1.466382,1.666920,-0.000000,-0.000000,9.810000
10.067799,-2.000000,-0.686438,2.000000,-0.000000,-0.000000,9.810000
10.087924,-0.836100,-0.096299,2.000000,-0.000000,-0.000000,9.810000
10.107944,0.910320,-0.197746,1.245860,-0.000000,-0.000000,9.810000
10.128054,1.172119,0.776366,0.589180,-0.000000,-0.000000,9.810000
10.148177,1.505914,0.994532,0.982969,-0.000000,-0.000000,9.810000
10.168261,0.445626,1.005441,0.735351,-0.000000,-0.000000,9.810000
10.188417,-0.950637,1.067618,0.196480,-0.000000,-0.000000,9.810000
10.208486,-2.000000,1.830109,-1.116880,-0.000000,-0.000000,9.810000
10.228539,-0.804466,-1.228581,-2.000000,-0.000000,-0.000000,9.810000
10.248662,2.000000,-0.220653,-1.582665,-0.000000,-0.000000,9.810000
10.268715,0.728151,-2.000000,-2.000000,-0.000000,-0.000000,9.810000
10.288807,0.476169,-0.052665,-1.227054,-0.000000,-0.000000,9.810000
10.308914,1.690264,0.685827,-1.009978,-0.000000,-0.000000,9.810000
10.329029,-0.520850,0.706553,-0.695819,-0.000000,-0.000000,9.810000
10.349057,-1.241889,-1.010415,0.215025,-0.000000,-0.000000,9.810000
10.369255,-2.000000,-1.645278,1.398576,-0.000000,-0.000000,9.810000
10.389338,-2.000000,-0.930784,2.000000,-0.000000,-0.000000,9.810000
10.409466,-1.645496,-1.171858,2.000000,-0.000000,-0.000000,9.810000
10.429571,0.720516,0.196044,0.708080,-0.000000,-0.000000,9.810000
10.449617,1.124123,1.077435,0.593543,-0.000000,-0.000000,9.810000
10.469667,1.227752,1.464680,1.029875,-0.000000,-0.000000,9.810000
10.489728,0.914683,0.813454,0.761531,-0.000000,-0.000000,9.810000
10.509891,-0.515396,0.716370,-0.104589,-0.000000,-0.000000,9.810000
10.530015,-0.735744,1.866106,-0.988162,-0.000000,-0.000000,9.810000
10.550114,0.431445,-0.920967,-2.000000,-0.000000,-0.000000,9.810000
10.570143,2.000000,-0.995143,-1.227054,-0.000000,-0.000000,9.810000
10.590279,0.073653,-0.102844,-1.025250,-0.000000,-0.000000,9.810000
10.610391,1.620451,-1.287486,-0.054411,-0.000000,-0.000000,9.810000
10.630454,2.000000,1.184337,-0.039139,-0.000000,-0.000000,9.810000
10.650513,0.670337,0.462207,-0.341299,-0.000000,-0.000000,9.810000
10.670609,-1.004088,-0.889333,0.182300,-0.000000,-0.000000,9.810000
10.690682,-2.000000,-1.145678,1.428028,-0.000000,-0.000000,9.810000
10.710929,-2.000000,-0.571901,2.000000,-0.000000,-0.000000,9.810000
10.730941,-2.000000,-1.301666,2.000000,-0.000000,-0.000000,9.810000
10.751138,-1.534232,-0.053756,2.000000,-0.000000,-0.000000,9.810000
10.771206,0.872141,0.660738,1.087689,-0.000000,-0.000000,9.810000
10.791282,1.123032,0.996714,1.408393,-0.000000,-0.000000,9.810000
10.811339,1.081581,1.599943,1.299310,-0.000000,-0.000000,9.810000
10.831431,0.097651,1.508314,0.422282,-0.000000,-0.000000,9.810000
10.851474,-0.841554,0.781820,-0.187492,-0.000000,-0.000000,9.810000
10.871634,1.378286,-1.385661,-0.331482,-0.000000,-0.000000,9.810000
10.891698,1.305201,-1.642006,-0.185310,-0.000000,-0.000000,9.810000
10.911792,-0.217599,0.053145,-0.161312,-0.000000,-0.000000,9.810000
10.931982,2.000000,-0.663531,0.448462,-0.000000,-0.000000,9.810000
10.952103,1.804801,-0.326464,0.148484,-0.000000,-0.000000,9.810000
10.972139,0.247095,0.025875,-0.248579,-0.000000,-0.000000,9.810000
10.992234,-1.616044,0.095688,0.621904,-0.000000,-0.000000,9.810000
11.012315,-2.000000,-1.390024,1.428028,-0.000000,-0.000000,9.810000
11.032406,-2.000000,-0.581718,2.000000,-0.000000,-0.000000,9.810000
11.052967,-2.000000,-1.080228,2.000000,-0.000000,-0.000000,9.810000
11.072608,-1.578956,-0.336281,1.828363,-0.000000,-0.000000,9.810000
11.092766,1.449190,0.278947,0.594634,-0.000000,-0.000000,9.810000
11.112900,1.508095,1.124341,1.481479,-0.000000,-0.000000,9.810000
11.132923,1.049946,1.508314,1.639650,-0.000000,-0.000000,9.810000
11.153038,0.782693,1.812655,1.210953,-0.000000,-0.000000,9.810000
11.173115,-1.156804,1.325054,0.494277,-0.000000,-0.000000,9.810000
11.193207,-0.007069,-1.594009,-0.351117,-0.000000,-0.000000,9.810000
11.213389,2.000000,-1.180584,0.119031,-0.000000,-0.000000,9.810000
11.233378,-0.664840,1.075254,-0.082772,-0.000000,-0.000000,9.810000
11.253527,1.826618,-0.654804,0.574999,-0.000000,-0.000000,9.810000
11.273666,2.000000,0.817818,0.482278,-0.000000,-0.000000,9.810000
11.293707,0.801237,1.109069,-0.045684,-0.000000,-0.000000,9.810000
11.313790,-0.985544,-0.378824,0.507367,-0.000000,-0.000000,9.810000
11.333895,-1.947657,-1.217673,1.342944,-0.000000,-0.000000,9.810000
11.354033,-2.000000,-1.081319,2.000000,-0.000000,-0.000000,9.810000
11.374131,-2.000000,-1.354026,2.000000,-0.000000,-0.000000,9.810000
11.394174,-2.000000,-1.279850,1.943991,-0.000000,-0.000000,9.810000
11.414226,1.228843,0.798183,0.929519,-0.000000,-0.000000,9.810000
11.434302,1.397921,1.746115,1.282948,-0.000000,-0.000000,9.810000
11.454416,1.604088,1.981734,1.520749,-0.000000,-0.000000,9.810000
11.474553,-0.152149,1.101434,0.993878,-0.000000,-0.000000,9.810000
11.494608,-0.920094,1.293420,0.498641,-0.000000,-0.000000,9.810000
11.514759,-1.398969,-0.738798,-0.699092,-0.000000,-0.000000,9.810000
11.534876,1.447009,-2.000000,-0.222399,-0.000000,-0.000000,9.810000
11.554963,2.000000,0.044419,0.332834,-0.000000,-0.000000,9.810000
11.575014,0.832871,-0.106116,0.355742,-0.000000,-0.000000,9.810000
11.595174,2.000000,0.049873,-0.154767,-0.000000,-0.000000,9.810000
11.615235,0.651793,0.691281,-0.464563,-0.000000,-0.000000,9.810000
11.635330,-0.461945,0.316036,-0.056592,-0.000000,-0.000000,9.810000
11.655366,-1.872389,-1.104226,0.894612,-0.000000,-0.000000,9.810000
11.675524,-2.000000,-1.784905,1.859997,-0.000000,-0.000000,9.810000
11.695637,-2.000000,-0.674439,1.988715,-0.000000,-0.000000,9.810000
11.715787,-2.000000,-1.152223,1.885087,-0.000000,-0.000000,9.810000
11.735800,1.043401,0.314945,0.206298,-0.000000,-0.000000,9.810000
11.755910,1.754623,1.669757,0.758258,-0.000000,-0.000000,9.810000
11.775935,1.363015,1.674120,0.901157,-0.000000,-0.000000,9.810000
11.796022,0.164192,1.063255,0.263021,-0.000000,-0.000000,9.810000
11.816151,-0.540485,0.658556,-0.543103,-0.000000,-0.000000,9.810000
11.836246,-1.848391,-0.611171,-1.744107,-0.000000,-0.000000,9.810000
11.856337,2.000000,-0.682075,-1.530305,-0.000000,-0.000000,9.810000
11.876464,0.100924,-0.820610,-0.924894,-0.000000,-0.000000,9.810000
11.896571,1.047765,-0.543539,0.252113,-0.000000,-0.000000,9.810000
11.916653,1.978243,-0.577355,0.318653,-0.000000,-0.000000,9.810000
11.936723,0.912502,0.827635,-0.203854,-0.000000,-0.000000,9.810000
11.956795,-1.241889,0.442572,0.513912,-0.000000,-0.000000,9.810000
11.976892,-1.310611,-1.047503,1.574200,-0.000000,-0.000000,9.810000
11.997011,-1.974927,-0.527177,1.865452,-0.000000,-0.000000,9.810000
12.017082,-2.000000,-1.266760,2.000000,-0.000000,-0.000000,9.810000
12.037285,-2.000000,-0.591536,1.993079,-0.000000,-0.000000,9.810000
