timestamp,gx,gy,gz,ax,ay,az,vx_gt,vy_gt,vz_gt
0.000000,0.033164,0.036486,-0.060744,-0.235550,-0.314700,-19.247450,0.016022,-0.103295,-0.074429
0.020000,0.809731,0.115055,-0.190029,-15.135914,8.883878,3.904610,0.011311,-0.109589,-0.263178
0.040000,0.583454,-1.467411,0.758091,-0.162586,5.520517,-3.786782,-0.291732,0.070059,0.011104
0.060000,-2.542436,-0.883283,0.958939,2.631927,-0.231664,-9.098761,-0.291489,0.186218,0.131453
0.080000,0.010768,-0.289058,0.740011,0.869478,-1.503335,-15.392754,-0.232875,0.184637,0.145563
0.100000,0.359040,-0.322051,0.639021,0.395235,-1.376623,-15.962178,-0.207960,0.155897,0.033759
0.120000,1.318355,-0.342792,0.399055,1.882880,-1.525756,-12.731720,-0.191490,0.130065,-0.089479
0.140000,0.249451,-0.208303,0.697319,-0.518186,0.823774,-14.686472,-0.143868,0.104252,-0.148223
0.160000,-0.617683,0.962624,0.412988,0.897629,0.334291,-7.664565,-0.143117,0.129870,-0.246281
0.180000,-0.167824,1.471980,-0.437277,4.025352,-4.938002,-4.409060,-0.114901,0.143940,-0.203780
0.200000,0.039781,1.147974,-0.250007,-0.174848,-3.982076,-8.606335,-0.029198,0.050640,-0.095906
0.220000,0.253248,0.962197,-0.455733,-0.157977,-3.130840,-8.996344,-0.031815,-0.024340,-0.071890
0.240000,0.788805,1.562959,-0.539583,5.374528,-0.298052,-5.264830,-0.038307,-0.080699,-0.055745
0.260000,0.199352,-0.451860,-0.298666,1.384007,0.232427,-10.656718,0.060105,-0.079217,0.034807
0.280000,-0.666537,-0.178418,-0.120639,1.155732,1.755600,-12.724016,0.078199,-0.066259,0.017462
0.300000,-0.838360,0.997698,-0.521100,3.199108,0.616189,-4.428978,0.093932,-0.023061,-0.041124
0.320000,0.189450,-1.114949,-0.192724,-0.213759,0.273824,-11.591870,0.147988,-0.005606,0.066178
0.340000,-0.940924,-0.587752,0.018971,-0.926766,0.250977,-10.358230,0.135825,0.005441,0.030303
0.360000,2.209689,0.845030,-0.227355,2.383905,-0.588927,-12.606178,0.112885,0.015063,0.019235
0.380000,1.115951,1.411963,0.142324,1.980779,-0.412198,-2.810886,0.156489,0.004950,-0.036738
0.400000,-0.815161,-0.457092,-0.122435,1.189384,-0.811448,-13.265562,0.187533,0.003214,0.102949
0.420000,0.018775,-0.642401,-0.186470,-0.791236,-0.791452,-13.578981,0.199047,-0.006352,0.033340
0.440000,0.234561,0.062203,-0.317707,-0.488608,0.238759,-5.114097,0.173798,-0.017175,-0.042330
0.460000,1.418030,-0.934244,-0.241322,2.015327,0.835341,-13.588240,0.155395,-0.006969,0.051323
0.480000,-1.121679,-0.441198,0.191268,-3.285314,-2.953760,-7.245245,0.187861,0.017742,-0.024562
0.500000,0.719831,0.549505,0.468731,1.243472,0.820023,-12.806575,0.116616,-0.034983,0.026552
0.520000,0.442884,1.571611,0.297985,2.623459,0.269140,-4.113668,0.136521,-0.013096,-0.033519
0.540000,-1.013570,-0.173771,0.330884,2.317460,-1.320880,-11.922437,0.180294,0.000104,0.080059
0.560000,0.527975,-0.729173,-0.160800,-1.310728,-0.324213,-13.007976,0.213570,-0.019509,0.037256
0.580000,0.473380,-0.331549,-0.241295,-1.265747,1.448502,-7.148135,0.176432,-0.020637,-0.027081
0.600000,0.205628,-0.279223,-0.441062,1.535455,0.137364,-10.638398,0.142302,0.015667,0.025821
0.620000,-0.130182,-0.663350,0.098673,-2.945081,-2.309618,-8.879963,0.164094,0.025988,0.008904
0.640000,0.550645,0.356589,0.585975,2.121585,0.564904,-11.332490,0.098015,-0.013057,0.027243
0.660000,0.246631,1.345394,0.570827,2.810196,0.103080,-6.781202,0.134659,0.004833,-0.003403
0.680000,-1.032718,-0.273472,0.450408,1.873673,-1.557074,-10.612938,0.181989,0.015135,0.056799
0.700000,0.465506,-0.625360,0.052005,-1.209677,-0.478802,-12.627856,0.206062,-0.008369,0.040133
0.720000,0.263162,-0.196887,-0.383540,-1.352935,0.297169,-7.914065,0.170750,-0.011886,-0.016633
0.740000,0.102167,-0.482315,-0.280788,2.050819,0.580619,-10.895926,0.134217,0.001409,0.020919
0.760000,-0.315531,-0.716242,-0.209291,-2.502311,-1.785764,-8.831749,0.166775,0.021767,-0.001177
0.780000,0.489515,0.218057,0.315168,2.770660,0.433190,-10.313035,0.109861,-0.005123,0.018069
0.800000,0.561343,1.116349,0.398676,2.747301,0.702730,-9.795118,0.160028,0.011265,0.007786
0.820000,-0.746711,0.550514,0.402490,1.769370,-1.498857,-8.101666,0.206590,0.035264,0.007652
0.840000,0.014433,-0.458390,0.179612,-0.812554,-0.758590,-13.162670,0.229359,0.015781,0.041131
0.860000,0.020332,-0.046065,-0.298047,-1.488516,0.501245,-7.419170,0.201920,0.007590,-0.026366
0.880000,0.120380,-0.470645,-0.239590,0.550592,-0.155250,-11.191549,0.162137,0.024941,0.021058
0.900000,0.204020,-0.505685,-0.241378,-1.466562,-1.437954,-8.780532,0.164477,0.030675,-0.006964
0.920000,-0.287028,-0.151025,0.353479,1.569385,-0.356487,-10.781900,0.127492,0.011515,0.013241
0.940000,0.513077,1.189997,0.209343,2.415555,0.080430,-7.459996,0.153309,0.013455,-0.006486
0.960000,-1.339164,-0.171153,0.504774,0.919972,-1.480522,-8.957502,0.193736,0.025380,0.040084
0.980000,-0.326150,-0.566571,0.389536,0.073970,-1.116032,-12.506682,0.199519,0.006197,0.056450
1.000000,0.242992,-0.268941,-0.423676,-1.536757,0.371835,-8.857193,0.190063,-0.009259,0.002091
1.020000,0.332354,-0.181687,-0.516863,1.652063,0.266259,-10.654388,0.150368,0.006082,0.020783
1.040000,0.210523,-0.499192,-0.483425,-3.097390,-2.560944,-9.978077,0.174573,0.020287,0.003495
1.060000,-0.492761,-0.082145,0.400838,2.419184,0.282584,-9.753477,0.104684,-0.021467,-0.000256
1.080000,0.362742,1.160890,0.336414,3.062379,1.190628,-6.819313,0.146556,-0.006755,0.000557
1.100000,-1.027639,0.008740,0.530626,1.958622,-1.555515,-10.129153,0.199025,0.026112,0.059965
1.120000,-0.013193,-0.625260,0.158438,-0.744539,-0.813825,-12.810071,0.225075,0.005003,0.052887
1.140000,0.043702,-0.203970,-0.405979,-3.709531,1.572389,-6.515477,0.198537,-0.004432,-0.007580
1.160000,-2.418628,0.936026,-0.149971,2.539679,-0.127363,-13.254635,0.114504,0.034222,0.057931
1.180000,-0.168407,-0.497133,-0.261563,-0.475898,-1.864460,-8.310198,0.156437,0.040005,-0.011339
1.200000,0.370310,-0.141991,0.581001,1.470115,-1.294518,-11.213098,0.138990,0.011318,0.018308
1.220000,0.544242,1.158056,0.895219,0.353608,3.215940,-7.602205,0.163523,-0.007332,-0.009948
1.240000,-1.800463,0.366817,0.907690,0.844102,-1.363606,-8.192104,0.163107,0.066766,0.033821
1.260000,-0.840722,-0.339104,0.404991,2.662379,-2.386591,-12.619135,0.166567,0.051528,0.065349
1.280000,0.055859,-0.177197,0.148622,-1.534844,0.431042,-12.961805,0.207009,0.010146,0.008645
1.300000,2.551490,-1.364986,-0.190667,-0.385591,0.091474,-6.826008,0.164712,0.024562,-0.054820
1.320000,-0.966556,-0.392827,0.066408,0.811294,-0.369471,-10.682007,0.147086,0.034316,0.004449
1.340000,-0.735896,-0.626028,0.271417,-1.385144,-3.155844,-8.883486,0.154776,0.036085,-0.013391
1.360000,0.512152,0.809576,0.123368,0.111016,0.408825,-10.771668,0.121761,-0.020159,0.004947
1.380000,0.739380,1.646791,-0.101950,2.172956,0.375328,-6.269262,0.116904,-0.002890,-0.014625
1.400000,0.023182,-0.678484,0.034568,1.009264,-1.311406,-11.910256,0.148401,0.015044,0.055547
1.420000,-0.007728,-0.222526,0.041433,-2.264422,1.018512,-11.653657,0.156963,-0.002372,0.012999
1.440000,-0.277459,0.366912,0.180729,1.829314,0.532101,-8.805333,0.102420,0.026881,-0.024294
1.460000,0.132017,-0.694377,-0.344601,0.210841,-0.907865,-9.736347,0.129789,0.046126,-0.004606
1.480000,-0.281559,-0.898259,0.587663,-0.203373,-0.344116,-9.629688,0.124693,0.037040,-0.003564
1.500000,0.536594,0.831398,0.441547,2.200876,0.742949,-12.042011,0.115377,0.038443,-0.000203
1.520000,0.032014,1.642821,0.317593,2.245234,-1.290096,-3.937910,0.154103,0.060880,-0.045061
1.540000,-0.828737,-0.099449,0.244917,2.046676,-1.849918,-12.272976,0.188820,0.044386,0.071895
1.560000,-0.053205,-0.190300,0.110960,-1.129104,0.067348,-12.842847,0.216573,0.014825,0.022051
1.580000,-0.002227,0.002303,-0.022406,-0.556370,-0.464831,-6.504918,0.181884,0.021674,-0.039057
1.600000,0.213791,-0.572772,-0.278283,1.258026,-0.153667,-11.915272,0.159294,0.017818,0.026634
1.620000,-0.100158,-0.735755,-0.121148,-3.767331,-3.672153,-8.674940,0.175818,0.023474,-0.015856
1.640000,0.710127,0.515063,-0.001219,3.378849,1.576641,-9.701229,0.094378,-0.041236,0.006556
1.660000,0.812456,1.364503,-0.063475,2.538969,0.467916,-8.105029,0.156522,-0.000140,0.008423
1.680000,-0.954113,-0.223895,0.134099,0.789435,-1.577758,-10.658388,0.198079,0.021100,0.041945
1.700000,-0.414220,-0.394102,0.264202,-0.562432,-0.853296,-11.411334,0.201285,0.000493,0.024267
1.720000,0.478839,-0.070465,-0.122524,-1.540993,0.281698,-8.366434,0.179274,-0.009382,-0.008187
1.740000,-0.074637,-0.335387,-0.041272,0.414206,-0.355974,-10.649380,0.138734,0.004563,0.020267
1.760000,-0.315450,-0.335103,-0.152902,-1.324430,-1.364195,-10.334543,0.138185,0.007249,0.003035
1.780000,-0.437070,-0.100260,0.078817,2.272337,-0.925093,-9.925968,0.103632,-0.011221,-0.007820
1.800000,0.386105,1.154594,0.239844,2.924065,0.995593,-7.136211,0.142333,-0.022322,-0.010395
1.820000,-0.406866,-0.229716,0.485773,1.077909,-1.634038,-10.584892,0.190947,0.007455,0.042584
1.840000,0.022496,-0.540301,0.243159,-1.429659,-0.375451,-12.296291,0.199514,-0.014877,0.026382
1.860000,0.141558,-0.211615,-0.384410,-1.583909,0.745833,-7.364451,0.160172,-0.014188,-0.023810
1.880000,0.344066,-0.292865,-0.350519,0.959530,-0.325709,-10.936457,0.119284,0.009530,0.024687
1.900000,-0.017620,-0.554810,-0.207594,-1.242677,-1.053435,-9.872118,0.129264,0.012393,0.001717
1.920000,-0.292971,-0.039360,0.124876,2.413322,-0.285739,-10.170110,0.096576,0.001305,0.000064
1.940000,0.300799,1.071854,0.202527,3.406027,1.499411,-6.593508,0.138907,0.003966,-0.007407
1.960000,-1.198675,-0.127077,0.541688,0.872040,-1.575388,-10.382610,0.198288,0.043992,0.056471
1.980000,-0.696270,-0.367041,0.495711,0.296853,-0.902576,-11.244080,0.202532,0.022523,0.044317
2.000000,0.149443,-0.180229,-0.559526,-1.724110,0.481200,-9.941115,0.196463,0.010300,0.015181
2.020000,-1.092823,0.043692,-0.331091,2.124120,0.611122,-11.472067,0.151520,0.026109,0.012182
2.040000,-0.498780,-0.444679,-0.329114,-3.105769,-2.527489,-9.094283,0.184946,0.047648,-0.021490
2.060000,-0.572739,-0.283462,0.241150,1.056632,-1.271435,-10.091877,0.115231,0.005866,-0.007519
2.080000,0.445842,1.159323,0.282920,4.871876,1.820235,-8.965210,0.130955,-0.012185,-0.013370
2.100000,-2.026722,-0.574176,0.829262,-0.166933,-1.720755,-7.280936,0.220458,0.032858,0.003175
2.120000,-0.456454,-0.241825,0.397137,0.795556,-1.350122,-12.149526,0.204972,0.008114,0.053141
2.140000,0.055069,-0.129316,-0.198976,-3.959976,1.632884,-12.321406,0.209262,-0.012147,0.005890
2.160000,-0.070738,0.059651,-0.106273,0.870315,-0.402195,-7.314947,0.119596,0.027351,-0.044737
2.180000,-0.183570,-0.832943,-0.247395,1.022091,-1.364032,-9.828090,0.126630,0.026014,0.004775
2.200000,0.315404,0.269431,0.424581,0.642847,-1.876099,-10.348636,0.139266,0.007013,0.004083
2.220000,0.394143,0.978777,0.448221,-0.214122,3.110133,-8.705850,0.146637,-0.022928,-0.006913
2.240000,-1.596244,0.029907,0.605347,1.010794,-1.726296,-8.081412,0.133813,0.048912,0.014747
2.260000,-0.586017,-0.284685,0.278555,2.923150,-2.651012,-11.294318,0.141321,0.024489,0.048646
2.280000,0.228959,-0.266934,-0.128179,-4.094477,1.579802,-12.465765,0.187940,-0.021511,0.018476
2.300000,0.013580,-0.084869,-0.003538,1.245955,0.102280,-7.714934,0.095676,0.017574,-0.035057
2.320000,-0.309860,-0.773013,-0.037042,1.086618,-0.873807,-10.411164,0.111048,0.027385,0.006458
2.340000,0.301972,0.083630,0.196341,-1.226522,-3.167389,-9.814376,0.125096,0.017905,-0.005879
2.360000,0.040288,0.596640,0.149966,3.521331,2.142776,-10.083245,0.095204,-0.038606,-0.006159
2.380000,0.471314,1.267945,-0.128417,0.584709,-0.083548,-6.239187,0.158300,0.013064,-0.011959
2.400000,-0.527411,-0.393804,0.298875,1.545452,-2.186775,-12.472903,0.159037,0.022052,0.058861
2.420000,-0.146574,-0.206410,0.015293,-3.589139,1.138936,-11.993806,0.178517,-0.013386,0.005094
2.440000,0.044308,0.039276,0.436214,0.958192,-0.391721,-7.675376,0.096801,0.016989,-0.038981
2.460000,-0.276525,-0.750627,0.275733,1.236179,0.404312,-9.461538,0.106632,0.016960,0.003334
2.480000,-0.884860,-0.655485,0.332328,0.485504,-1.493424,-10.671974,0.124044,0.032989,0.010006
2.500000,0.442986,1.157774,0.567360,0.130449,-0.069449,-10.068693,0.130165,0.009560,-0.007372
2.520000,0.661470,1.769918,0.333442,1.006059,-1.695123,-5.296230,0.127186,0.015855,-0.012776
2.540000,-0.404005,-0.351117,0.285654,2.393040,-1.594248,-13.638272,0.135379,-0.008654,0.076911
2.560000,0.557110,-0.716553,0.027397,-1.651609,0.246847,-10.858547,0.170518,-0.033226,-0.000204
2.580000,-0.111556,0.152157,-0.011644,-0.209323,0.680118,-8.540693,0.127501,-0.020475,-0.021585
2.600000,-0.095022,-0.300897,-0.235685,3.635411,1.011445,-9.676789,0.114813,0.002450,0.003395
2.620000,-0.680274,-0.850395,0.188463,-3.450160,-2.834424,-11.378068,0.178187,0.032195,0.005606
2.640000,0.985375,0.240913,0.291002,2.517950,1.148683,-9.548780,0.103256,-0.015927,-0.026032
2.660000,0.484998,1.451416,0.371224,2.569782,0.374383,-5.149827,0.148627,0.014794,-0.021024
2.680000,-1.329540,-0.099172,0.150775,0.970477,-1.323014,-11.228911,0.191113,0.032756,0.071697
2.700000,-0.312670,-0.293571,0.186919,0.599071,-1.089650,-11.961046,0.197137,0.015461,0.042647
2.720000,0.159146,-0.111517,-0.307049,-0.531058,-0.396956,-8.891203,0.196779,-0.000642,-0.000845
2.740000,0.198492,-0.618786,-0.284409,1.353086,0.801863,-10.634053,0.174822,-0.002350,0.017104
2.760000,-0.021063,-0.229493,-0.262978,-3.675704,-3.164058,-9.576275,0.192978,0.024285,0.000134
2.780000,-0.354800,-0.143937,0.147732,0.713295,-0.679836,-10.486176,0.111333,-0.028709,0.004370
2.800000,0.624762,1.042370,-0.055586,4.649961,1.569347,-9.106500,0.118975,-0.032099,-0.009531
2.820000,-1.018375,0.182266,0.413163,1.502177,-1.726231,-8.205707,0.203373,0.010065,0.004054
2.840000,-0.361803,-0.591871,0.173393,-1.392105,-0.495007,-11.268060,0.220371,-0.012451,0.035337
2.860000,-0.081830,-0.270896,-0.390018,-3.963014,1.143647,-11.575251,0.180927,-0.013405,0.005628
2.880000,-0.180757,0.020171,-0.051614,1.088450,-0.148889,-8.527929,0.091832,0.018056,-0.030112
2.900000,-0.325520,-0.577154,-0.059634,2.593245,0.000836,-8.864984,0.104276,0.022989,-0.004852
2.920000,0.107586,-0.140085,0.346388,1.309617,-1.123810,-11.263043,0.147596,0.031387,0.013683
2.940000,0.260232,1.246942,0.835213,-0.591590,-1.128993,-8.431300,0.168519,0.015427,-0.015557
2.960000,-2.953138,-0.430692,0.565828,0.851953,-1.230324,-7.327024,0.148715,0.000960,0.011687
2.980000,-0.053267,-0.215481,-0.287428,-0.193500,-0.285300,-19.260310,-0.180494,-0.239060,-0.004010
3.000000,0.614294,-0.084418,-0.395334,-0.054718,-0.417213,-19.167765,-0.184364,-0.244766,-0.193016
3.020000,0.537256,-0.036938,-0.429434,-5.848731,-0.031718,20.722660,-0.184899,-0.251885,-0.380176
3.040000,2.765032,-1.101333,0.589084,8.797184,3.664105,-7.749221,-0.301276,-0.248542,0.230436
3.060000,0.877901,-3.588344,1.930321,1.853693,0.981592,-13.657505,-0.123862,-0.159610,0.271021
3.080000,1.886659,-3.815842,1.797756,0.293712,0.088146,-13.704710,-0.074631,-0.119891,0.192661
3.100000,2.326844,-3.933254,1.887169,-4.442918,-2.228319,-15.020656,-0.041349,-0.092244,0.111111
3.120000,1.826100,-3.088770,1.857115,-6.448274,-1.145105,-11.131304,-0.086969,-0.102547,-0.001018
3.140000,1.206326,-0.860255,1.128744,-2.764627,-0.149560,-8.565183,-0.157822,-0.085801,-0.040490
3.160000,-0.062064,0.161709,1.031020,-0.436908,0.543607,-7.825262,-0.146104,-0.045515,-0.032542
3.180000,-0.417392,0.244880,0.978945,-1.398335,-0.099258,-9.379205,-0.085809,0.008312,-0.010487
3.200000,-0.324636,0.309321,0.899468,-6.755276,-1.652031,-13.582990,-0.045462,0.046199,-0.018522
3.220000,0.052420,1.604197,0.238072,-3.237735,-0.873340,-12.065195,-0.112059,0.050198,-0.110101
3.240000,0.169109,1.973013,0.077501,2.922604,1.401766,-7.380443,-0.111650,0.068708,-0.169873
3.260000,-0.740677,0.845037,0.910054,-0.123159,1.114325,-8.715602,0.004592,0.134120,-0.133749
3.280000,-1.879655,0.906981,1.165502,-2.482950,0.072928,-12.753442,0.055393,0.190561,-0.122344
3.300000,-2.879454,1.316163,1.281331,4.454524,-8.474783,1.799099,0.056963,0.220601,-0.190188
3.320000,-2.211877,1.516466,0.793906,-3.255492,-0.934813,-15.221268,0.193672,0.068709,0.035312
3.340000,1.336793,1.865334,0.034800,0.742484,-5.187384,-9.670017,0.170609,0.055761,-0.077558
3.360000,1.013116,1.913246,0.063299,2.042952,-5.537533,-8.848846,0.220769,-0.042528,-0.078039
3.380000,1.917661,1.874696,-0.286474,0.066462,-3.708036,-14.015084,0.289522,-0.143152,-0.061073
3.400000,2.197406,2.032373,-0.402826,2.553298,2.087444,-4.066563,0.311465,-0.202273,-0.146841
3.420000,0.758141,3.257864,-0.640083,-5.898891,5.135012,-2.952948,0.375375,-0.137245,-0.033782
3.440000,-0.932038,2.179152,-0.315614,-6.250019,1.693507,-11.004980,0.256921,-0.008686,0.101647
3.460000,-1.773990,1.666539,-0.087631,-3.963183,-1.956890,-11.727111,0.120449,0.051916,0.075579
3.480000,-1.538177,0.880849,0.104222,1.085253,-2.929870,-9.134692,0.022089,0.033803,0.035170
3.500000,0.201058,-0.413902,0.108037,5.853142,-4.312035,-10.552472,0.020181,-0.010327,0.046712
3.520000,0.025397,-0.782851,0.120989,4.248311,-2.531655,-12.667425,0.111957,-0.085462,0.029909
3.540000,0.764264,-1.274337,-0.134798,-1.172948,-1.236691,-12.831943,0.173959,-0.124948,-0.028907
3.560000,0.858814,-0.445927,0.135248,-5.232466,1.083877,-10.698656,0.132039,-0.136672,-0.090650
3.580000,0.852468,0.213952,0.435684,-9.928291,2.474395,-3.562690,0.011863,-0.099054,-0.109689
3.600000,0.805994,0.435170,-0.669073,0.839045,-1.534626,-10.200202,-0.201801,-0.029827,0.013677
3.620000,-0.150506,-1.130813,-0.638384,5.367229,-2.216127,-7.331183,-0.201527,-0.037312,0.003795
3.640000,1.540881,-0.654965,-0.981458,0.861023,-0.220827,-12.031242,-0.110530,-0.054649,0.050818
3.660000,0.543245,-1.253699,-0.970049,1.088247,-0.158898,-10.318635,-0.106772,-0.026183,0.003149
3.680000,-0.654968,-1.141710,-0.760451,7.961193,1.594145,-7.318229,-0.096266,0.008312,-0.011004
3.700000,-1.590759,-1.913303,-0.130792,1.272601,-0.176885,-11.920738,0.056135,0.076993,0.035229
3.720000,-1.860974,-0.841977,-0.523957,1.126161,0.857526,-11.617637,0.080483,0.106143,-0.009731
3.740000,-2.115774,0.121723,-0.862317,0.338470,-4.123485,-8.944465,0.107458,0.148527,-0.047564
3.760000,1.252646,1.800002,-0.861740,3.801933,-5.250757,-10.485083,0.118472,0.083710,-0.031095
3.780000,1.615304,1.844032,-0.953830,0.934997,-2.420760,-2.987916,0.193099,-0.001837,-0.045570
3.800000,-1.312887,0.036649,-0.009041,2.235878,-3.063000,-12.059718,0.202616,-0.025758,0.089120
3.820000,-0.115898,-0.187422,0.309452,-2.436551,-0.429051,-14.582911,0.235838,-0.063422,0.042362
3.840000,-0.598047,0.078654,0.042371,-3.440871,-0.301831,-12.492492,0.176511,-0.050711,-0.054543
3.860000,0.018295,0.986370,0.235471,-3.811302,-0.254755,-8.963447,0.096953,-0.037098,-0.109475
3.880000,1.440398,-0.389693,-0.369633,-6.358620,0.529549,-1.321676,0.008106,-0.023105,-0.093883
3.900000,-0.278392,0.836189,-0.838236,3.104655,-2.001373,-12.142654,-0.134215,0.009181,0.074091
3.920000,1.281225,-0.672185,-1.376042,5.843559,-7.055738,-8.919349,-0.088897,-0.008886,0.025482
3.940000,0.361360,-0.755201,-1.098998,4.821577,-5.958875,-11.591720,0.011368,-0.126630,0.041189
3.960000,0.048314,-0.799001,-0.949945,-0.289599,1.334768,-6.232114,0.093185,-0.219790,0.003272
3.980000,0.964310,-0.456828,-0.266937,5.526224,1.115383,-9.351628,0.075508,-0.167746,0.072822
4.000000,0.244128,-0.667994,0.103517,0.753414,-0.782425,-13.184237,0.179366,-0.116573,0.079740
4.020000,-0.142122,0.467039,-0.282016,2.639636,0.361686,-10.519496,0.189203,-0.101403,0.009749
4.040000,0.054426,1.246236,-0.653766,-10.608739,4.980599,-6.151969,0.237345,-0.062626,-0.007049
4.060000,-0.793865,0.944565,-0.503842,1.304996,-1.059722,-16.609556,0.016249,0.068139,0.063417
4.080000,-2.107748,-0.828261,0.543744,5.436458,-6.861538,-3.887587,0.027743,0.075846,-0.075265
4.100000,-0.228115,-0.875718,0.277649,1.500929,-3.081800,-10.872448,0.122127,-0.037828,0.041235
4.120000,0.354789,-1.072447,0.192892,-1.350744,-2.917964,-9.401247,0.141973,-0.081796,0.018924
4.140000,1.145576,-0.216607,0.240849,3.031928,2.236817,-8.738006,0.108965,-0.121644,0.026132
4.160000,0.358202,-0.365375,0.584814,0.737034,-0.063039,-13.413688,0.166875,-0.056134,0.046450
4.180000,0.066790,0.464795,0.311808,1.748371,0.563862,-10.812585,0.179854,-0.034655,-0.026954
4.200000,-0.717628,1.463371,0.144376,-8.025834,3.451863,-3.367650,0.213449,0.000736,-0.048498
4.220000,-1.843484,0.021399,-0.573375,0.947429,-2.937402,-10.790927,0.047238,0.091038,0.079110
4.240000,-0.373462,0.153630,-0.182215,3.703786,-3.927886,-11.169976,0.056613,0.049822,0.058472
4.260000,-0.462525,-0.501699,-0.075785,2.163318,-2.456030,-10.779784,0.119718,-0.012798,0.030316
4.280000,0.422677,-0.945160,-0.382505,-7.913158,2.814380,-12.119699,0.153492,-0.049506,0.010297
4.300000,1.684977,-0.261203,-0.578975,-7.161745,2.005306,-12.393482,-0.010211,0.020216,-0.036433
4.320000,2.254477,0.051322,-0.628675,-6.872095,0.479845,-12.364291,-0.156756,0.077904,-0.088920
4.340000,0.047946,-0.014410,-0.953931,7.804909,-0.590400,-0.801776,-0.297817,0.113983,-0.141835
4.360000,0.455856,-0.219582,-0.574195,4.335727,-5.676831,-10.205085,-0.146036,0.132607,0.035907
4.380000,0.744338,-0.716291,-0.977641,1.310046,-3.784582,-13.394688,-0.063166,0.043336,0.026461
4.400000,1.149827,-0.170692,-1.184319,-0.384857,1.221931,-9.224253,-0.039262,-0.004786,-0.047193
4.420000,-0.526374,-0.290325,-1.188087,4.765008,-3.101214,-7.825846,-0.047730,0.050746,-0.037959
4.440000,-0.608108,-0.008111,-1.277462,3.075807,-1.350545,-11.358829,0.048776,0.019820,-0.000760
4.460000,-1.319943,0.401309,-0.549499,3.657920,1.417968,-10.715646,0.111745,0.020148,-0.033656
4.480000,-1.380727,0.662494,-0.588453,0.240224,-1.253453,-10.799940,0.184449,0.071378,-0.053107
4.500000,0.246898,2.451936,-0.487182,-6.016508,3.873257,-1.855416,0.187234,0.064625,-0.073773
4.520000,-0.708834,0.239611,-1.319702,3.232373,-3.850468,-10.280135,0.057623,0.159187,0.084352
4.540000,-1.186104,0.283132,-1.155638,4.405968,-3.661221,-10.970594,0.110264,0.096089,0.074087
4.560000,-1.334094,0.320824,-1.026079,1.123370,-0.034404,-12.006546,0.184699,0.033128,0.050128
4.580000,-0.939919,-0.014783,-0.326299,-1.811479,-0.311810,-10.424192,0.192658,0.036721,0.005613
4.600000,0.847532,-0.504544,-0.669273,0.519328,-1.210795,-17.164774,0.140816,0.030340,-0.007293
4.620000,1.791481,-1.373027,-1.121723,0.142994,0.223562,-2.551951,0.134585,0.004002,-0.155105
4.640000,-1.023455,-1.196730,-0.004439,1.149222,0.465226,-8.801639,0.124944,0.010933,-0.010358
4.660000,0.969740,0.676695,-0.022271,-0.999448,1.613282,-5.068712,0.140785,0.021338,0.009676
4.680000,-0.836630,-0.163213,-0.880565,0.147159,-0.807394,-12.179438,0.113342,0.056807,0.104334
4.700000,-0.959474,-0.116486,-0.441947,1.547266,-0.707793,-10.672084,0.106392,0.045415,0.056638
4.720000,-0.155726,-0.553416,-0.452297,-0.056771,-0.631516,-13.221256,0.128060,0.032134,0.039175
4.740000,-0.045226,0.072552,-0.103369,0.372824,2.761561,-10.944237,0.119840,0.018609,-0.029180
4.760000,-0.936599,0.625287,0.022520,1.734388,0.126286,-7.232726,0.120857,0.072488,-0.051975
4.780000,-0.770478,-0.855058,0.074951,-3.816591,-2.189215,-10.056175,0.147850,0.072170,-0.000601
4.800000,-0.624375,-0.178924,0.227198,3.565061,2.091821,-9.351114,0.064423,0.022340,-0.005746
4.820000,0.294731,0.535730,0.070397,4.244881,-2.010321,-6.462345,0.130479,0.056216,0.003200
4.840000,-0.090197,-0.212592,0.056462,0.290187,0.335278,-11.401957,0.209533,0.009317,0.069952
4.860000,0.190876,-0.296166,0.051564,0.621358,-0.135302,-12.849407,0.207537,0.009773,0.037858
4.880000,0.179221,-0.036130,0.029041,-1.096520,-0.245863,-13.306143,0.213952,0.000786,-0.023123
4.900000,2.534713,-1.458483,-0.445792,-0.628178,0.298019,-4.035891,0.186827,-0.009308,-0.093183
4.920000,0.208678,-0.811267,-0.559428,-0.991488,-0.177043,-11.333373,0.170517,-0.004929,0.022257
4.940000,-0.071249,-0.378420,0.036534,-1.368229,-1.999659,-9.609354,0.152238,-0.006748,-0.008224
4.960000,0.374214,0.707973,0.560913,-1.083816,0.413819,-7.365031,0.129005,-0.045976,-0.004256
4.980000,1.423501,-0.007870,0.170551,-0.325144,-0.785180,-10.839912,0.109171,-0.034654,0.044611
5.000000,0.201656,-0.842549,0.472466,2.309975,-2.718967,-10.867386,0.101518,-0.046372,0.023969
5.020000,1.143590,-0.926923,0.157722,-4.814607,1.799357,-10.491151,0.149458,-0.096804,0.002774
5.040000,0.275573,0.329809,0.395606,3.342303,2.611366,-7.680434,0.059076,-0.053437,-0.011077
5.060000,0.270683,-0.507263,0.363404,2.123371,1.109063,-11.176247,0.132276,0.009143,0.031138
5.080000,-0.495057,-0.709008,0.293179,-0.746350,1.198180,-12.459373,0.179815,0.043616,0.003362
5.100000,-0.905401,0.671720,-0.082611,2.052918,-0.989493,-8.554933,0.173097,0.079599,-0.050166
5.120000,-0.250227,1.567125,-0.702460,0.049736,-0.727482,-5.645076,0.222177,0.067953,-0.025398
5.140000,-1.037932,-0.074540,0.180377,-0.193111,-1.016279,-11.044405,0.225605,0.060134,0.057770
5.160000,-0.666719,-0.131054,0.115166,1.165131,-2.386760,-13.442634,0.222083,0.042980,0.033056
5.180000,-0.416396,0.668163,0.358372,-3.131294,1.156996,-10.371281,0.246564,-0.004239,-0.039601
5.200000,1.020920,-0.521154,0.152471,-0.067535,-3.246273,-6.773018,0.184264,0.016811,-0.050838
5.220000,0.204763,-0.470838,0.236609,0.100232,-0.006914,-10.787300,0.179263,-0.052393,0.009821
5.240000,0.586995,0.895850,0.449814,-6.517713,4.348076,-7.692122,0.180113,-0.050914,-0.009735
5.260000,0.236827,-0.128186,0.139221,-0.003651,-0.776589,-9.529436,0.047504,0.038831,0.032590
5.280000,0.130204,-0.462987,0.305895,0.936926,0.425965,-9.796689,0.043000,0.025087,0.038143
5.300000,-0.433816,-0.445396,0.057688,-0.044450,0.587645,-11.819939,0.058461,0.036606,0.038359
5.320000,-0.662963,0.349563,-0.246370,-0.433552,-0.393642,-12.081213,0.055672,0.048488,-0.001849
5.340000,-0.476650,0.949057,0.388566,3.321617,1.377134,-8.189300,0.044180,0.038321,-0.047307
5.360000,-0.401202,-0.905147,-0.354310,-2.990938,-2.885389,-10.358443,0.104393,0.060354,-0.015069
5.380000,0.720405,0.573453,-0.182811,0.304857,1.793629,-6.666339,0.042108,-0.002619,-0.026124
5.400000,-0.235888,-0.409123,-0.566490,4.020105,-3.293286,-9.053043,0.045280,0.028854,0.036678
5.420000,0.181326,-0.012734,-0.516261,-1.263788,1.450052,-10.889504,0.121701,-0.040136,0.051752
5.440000,-0.709825,0.453784,-0.252725,-1.059256,2.616387,-12.189317,0.093009,-0.014902,0.030096
5.460000,-0.792819,0.652512,-0.110927,-2.814250,2.788177,-8.137766,0.068658,0.033313,-0.017559
5.480000,-0.494479,-1.150811,-0.064271,-0.731228,-1.534951,-10.244748,0.006632,0.081700,0.015663
5.500000,0.229747,-0.463897,0.632267,-1.170762,-2.365029,-11.337265,-0.015746,0.041572,0.006588
5.520000,1.141663,0.068619,0.776501,3.758601,2.201674,-9.709767,-0.043862,-0.015796,-0.024272
5.540000,0.507749,0.491047,0.730085,4.098814,-0.492973,-5.134970,0.027212,0.021096,-0.022440
5.560000,0.073714,-0.954366,-0.459343,-1.357254,-0.965096,-11.939356,0.104153,0.007320,0.070957
5.580000,-0.241695,0.024733,0.426951,-1.001595,1.849967,-12.566947,0.074195,-0.015830,0.028312
5.600000,-1.082005,0.691323,0.324624,2.294142,2.592337,-11.574837,0.052599,0.015435,-0.026917
5.620000,-1.266914,1.178850,0.068063,0.324891,0.066350,-6.618267,0.094952,0.059596,-0.062396
5.640000,-0.423189,-0.983715,-0.334945,-3.579979,-2.038087,-8.978883,0.093902,0.048748,0.000915
5.660000,1.166717,0.798395,0.254721,1.365561,0.449082,-12.042890,0.017811,-0.004134,0.017111
5.680000,0.892171,0.532781,-0.154102,2.954425,0.946146,-5.988291,0.039805,-0.005797,-0.027908
5.700000,0.055088,-0.434218,-0.249010,1.122424,0.340322,-9.115958,0.091030,0.005367,0.048215
5.720000,-0.468791,-0.119691,-0.346793,2.201442,-0.224718,-11.865542,0.105222,0.006135,0.061829
5.740000,-0.604376,0.000306,-0.715718,-0.499458,-0.207511,-16.223986,0.141735,-0.005111,0.020458
5.760000,-0.441447,1.468830,-0.124498,0.898222,0.886658,-3.123005,0.124044,-0.019103,-0.108220
5.780000,0.005069,-0.633862,0.133288,1.826870,2.765314,-10.976082,0.131405,-0.013392,0.024864
5.800000,-0.292778,-0.487477,0.448013,-2.916684,1.057257,-11.484726,0.158690,0.032459,0.001096
5.820000,-0.067700,0.543957,0.133005,-3.025527,-0.306088,-9.082657,0.094053,0.042263,-0.032828
5.840000,-0.124422,0.925684,-0.515024,-4.106464,-2.232017,-9.625349,0.026772,0.023359,-0.018815
5.860000,-1.403771,-0.272350,0.574687,5.075472,0.374851,-7.670197,-0.066090,-0.034062,-0.015833
5.880000,0.448734,-0.933047,-0.327594,1.667702,1.204175,-12.256354,0.021512,-0.038274,0.026119
5.900000,-0.391488,0.273244,-0.979380,3.584777,3.002305,-7.428477,0.044986,-0.024883,-0.023349
5.920000,0.613677,-0.588628,-1.039582,4.894289,4.381718,-10.932919,0.107054,0.022477,0.023634
5.940000,-0.628880,-0.966652,-0.601468,-2.570093,0.812967,-11.535217,0.195521,0.098565,0.000609
5.960000,-0.013349,0.091006,0.168159,-0.275150,0.154000,-19.620310,-0.207512,-0.048108,-0.007286
5.980000,-0.386536,0.179095,0.216806,-0.531991,-3.099861,-12.163472,-0.213015,-0.045028,-0.203492
6.000000,1.081670,-3.599776,-1.579473,1.671522,9.844675,11.997822,-0.224151,-0.107894,-0.250564
6.020000,-2.738821,-2.720778,-1.632614,3.316852,2.406379,-13.042553,-0.186320,0.088747,0.185543
6.040000,-3.381632,-4.034936,-1.135408,1.425832,-3.638291,-7.323492,-0.104626,0.134891,0.120280
6.060000,-0.220384,-4.166745,-1.811822,-4.483502,0.485766,-17.038660,-0.046481,0.048514,0.167282
6.080000,-0.028238,-3.994667,-1.791152,-6.650844,0.799629,-15.056525,-0.090139,0.044760,0.016761
6.100000,-0.514609,-3.231796,-1.729768,-7.294972,0.257408,-9.799721,-0.161357,0.048773,-0.098542
6.120000,-1.152598,-1.865768,-1.635861,-3.650417,4.008069,-7.077659,-0.231763,0.043644,-0.113734
6.140000,-1.755676,-1.919931,-1.173110,-2.740703,-1.709556,-3.250863,-0.219917,0.114046,-0.078655
6.160000,-1.098886,-1.872666,-0.287996,-5.957988,3.086488,-8.760462,-0.183129,0.067251,0.029373
6.180000,-0.580672,-1.834666,-0.244515,-7.188330,-2.102392,-8.205583,-0.204414,0.112849,0.023441
6.200000,1.314023,-1.721362,-0.729989,-6.267832,3.521708,-8.695322,-0.244071,0.052883,0.024661
6.220000,-0.842477,-2.331071,0.259276,-5.940565,6.101215,-5.840441,-0.259620,0.108135,0.012638
6.240000,-1.621795,-2.740642,0.654207,-8.476136,4.924552,-8.311569,-0.261997,0.214262,0.052943
6.260000,-2.390327,-3.082146,0.958214,7.335725,-9.646037,-0.331789,-0.307631,0.292133,0.037446
6.280000,-0.595534,-1.853857,0.915571,-7.275705,-0.059127,-8.585630,-0.028445,0.070828,0.172726
6.300000,0.938095,-1.256700,0.466206,-8.248929,0.139323,-9.145108,-0.036252,0.035148,0.136443
6.320000,1.212281,-0.955241,0.396253,-5.633551,-0.707653,-9.124104,-0.059935,0.002322,0.084925
6.340000,1.645393,-1.166309,-0.041282,-9.247940,-1.289805,-7.689484,-0.029164,-0.046045,0.031858
6.360000,2.368854,-0.357441,0.293237,-7.685559,-1.792534,-8.924586,-0.067799,-0.102144,0.005212
6.380000,2.006234,-0.403204,0.466111,-7.360035,-2.106533,-8.395311,-0.073419,-0.163784,-0.047191
6.400000,2.655735,-0.483431,0.148018,-3.840875,9.587293,4.982844,-0.071905,-0.227438,-0.088942
6.420000,0.825831,-0.415278,0.391825,-9.664428,5.666139,-5.024182,0.000673,-0.052418,0.136793
6.440000,0.411394,-0.754315,0.691488,-9.952407,4.860919,-6.929544,-0.042355,0.045838,0.161566
6.460000,0.166654,-1.483778,1.084554,-5.928070,1.187614,-7.991433,-0.090037,0.127938,0.146887
6.480000,0.306793,-2.456205,0.217138,-8.674461,-4.142864,-4.184096,-0.054592,0.135338,0.107512
6.500000,0.804437,-1.377257,0.874319,-9.893746,-1.073025,-6.185176,-0.069831,0.031793,0.137950
6.520000,1.462399,-0.962708,0.645513,-9.618870,-2.168386,-6.440294,-0.105857,-0.012122,0.122852
6.540000,1.123649,-0.875319,0.947743,-8.164688,-1.432728,-6.620543,-0.134635,-0.077532,0.100083
6.560000,1.244594,-1.359200,0.410195,-9.496630,-0.575019,-6.964037,-0.133160,-0.128180,0.071893
6.580000,1.889705,-1.925749,-0.312069,-8.285258,-2.541460,-4.511021,-0.156323,-0.162118,0.033503
6.600000,2.667858,-2.007660,-0.830897,-6.728374,1.984931,0.681965,-0.151797,-0.231782,0.038996
6.620000,1.054397,-2.364110,-0.991342,-12.186959,3.774840,-1.822724,-0.112350,-0.204732,0.142376
6.640000,0.815446,-2.831393,-0.712798,-10.558064,4.464695,0.329606,-0.177990,-0.132261,0.188177
6.660000,1.322819,-3.724411,-0.444325,-10.897299,-1.914072,-4.135046,-0.206989,-0.041754,0.267638
6.680000,0.003321,-4.970437,-0.238481,-6.645419,3.904125,0.903624,-0.238348,-0.074792,0.245371
6.700000,-0.510477,-4.729595,0.041714,-11.630926,1.443449,-0.129608,-0.180105,0.009254,0.307262
6.720000,-0.728918,-4.960216,0.418633,-11.667207,1.323767,0.693769,-0.218296,0.044328,0.330240
6.740000,-0.549509,-5.411766,0.827000,-9.743004,-1.196909,4.142267,-0.255633,0.075840,0.351208
6.760000,0.866825,-5.957762,-0.084844,9.258227,-2.568421,-17.903288,-0.254772,0.054360,0.420574
6.780000,0.092760,0.135352,0.167943,-0.159900,0.068000,-19.710810,0.123285,0.003424,0.026637
6.800000,-0.215614,0.057471,0.258335,-5.059424,2.911713,-9.042211,0.120087,0.004784,-0.171379
6.820000,-5.464830,-2.256521,0.769426,-1.447494,2.819452,-16.723938,0.018512,0.062598,-0.156024
6.840000,-6.769855,-2.880440,0.630262,-1.907143,7.198395,4.705612,-0.009606,0.115148,-0.294342
6.860000,-2.882961,-2.868403,-0.269727,-3.267968,4.235723,-14.160861,-0.037106,0.230269,-0.006454
6.880000,-3.134870,-2.606143,-0.538816,-4.814502,5.818314,-15.519494,-0.077329,0.274735,-0.099296
6.900000,-3.526533,-2.100610,-0.598588,-0.026515,-9.462616,13.759778,-0.137644,0.339670,-0.223796
6.920000,3.379028,-1.473113,-1.890402,-0.754312,-1.243992,-7.741091,-0.092950,0.087566,0.231674
6.940000,3.134327,-2.009592,-2.120619,-2.673981,0.727365,-10.568789,-0.054992,-0.005852,0.252873
6.960000,2.489190,-2.395092,-1.917381,-6.532251,3.550536,-14.738782,-0.046938,-0.047433,0.219142
6.980000,0.657676,-2.133602,-1.265550,-8.216881,3.946915,-14.818955,-0.106322,-0.021459,0.101533
7.000000,-1.346729,-1.688746,-0.912464,-3.081201,7.164729,-5.699374,-0.190157,0.019659,-0.019965
7.020000,-1.272448,-1.733017,-0.734264,-3.409657,5.847383,-8.417500,-0.163833,0.125323,0.037347
7.040000,-1.749156,-2.563124,-0.073860,6.213258,1.461871,-14.218834,-0.138198,0.201598,0.036438
7.060000,-0.185928,0.112233,0.273740,0.076750,0.169450,-19.172910,0.087335,0.185927,-0.086005
7.080000,-0.677433,0.121169,0.403383,0.248512,0.410418,-19.492259,0.088870,0.189316,-0.273263
7.100000,-0.679157,-0.056458,0.427601,-9.748008,-0.056527,17.707021,0.093316,0.195736,-0.466917
7.120000,-1.544372,-1.320805,0.152259,0.761134,-1.985328,-10.261177,-0.102313,0.190210,0.083373
7.140000,1.580422,-0.995897,-0.408858,0.402838,-0.830576,-15.260861,-0.083420,0.135677,0.073754
7.160000,3.065193,-0.922218,-0.714964,-0.225198,-3.160607,-6.670867,-0.067414,0.105501,-0.035894
7.180000,-1.074617,0.743313,-0.348243,3.832210,0.127564,-10.856384,-0.060165,0.038461,0.026499
7.200000,-0.926713,0.050687,-0.118612,2.310359,1.994943,-11.384019,0.028757,0.043164,0.005175
7.220000,-0.659801,-0.000588,0.355619,0.645098,-0.168750,-9.480588,0.085393,0.082735,-0.026583
7.240000,0.521663,1.103204,0.571612,1.693182,-0.992162,-9.732989,0.109249,0.075250,-0.020344
7.260000,1.185886,1.934168,0.314684,2.333688,-0.621196,-4.449566,0.151944,0.050624,-0.019061
7.280000,-0.623773,0.146337,0.040906,0.345695,-0.816065,-12.451616,0.200877,0.036996,0.088131
7.300000,0.136521,0.156203,0.102730,0.400743,-1.463683,-13.899220,0.204120,0.021630,0.035262
7.320000,0.317042,0.716730,0.247400,-1.737430,-0.962524,-5.163309,0.208152,-0.008339,-0.046564
7.340000,0.473243,-0.472877,-0.558801,3.241785,1.787635,-12.199698,0.167404,-0.027459,0.046278
7.360000,-0.770859,-0.806291,-0.089780,-2.068579,-1.854119,-9.724414,0.227164,0.013400,-0.001648
7.380000,1.191885,0.767597,0.233403,0.826101,-1.750990,-11.020293,0.183687,-0.019055,-0.000002
7.400000,-0.133385,2.204033,0.473571,-2.572174,2.377578,-6.736582,0.198145,-0.049459,-0.024273
7.420000,-0.452936,-0.332048,0.683402,0.270130,-0.941909,-10.916131,0.138519,0.005804,0.036873
7.440000,0.500899,-0.457412,0.452790,0.483188,-0.839706,-11.271030,0.133998,-0.007426,0.014419
7.460000,0.284974,0.175277,-0.064015,-1.104335,0.199465,-8.015758,0.136049,-0.019032,-0.015018
7.480000,0.300115,-0.471649,-0.240715,4.837512,2.609992,-10.762040,0.106574,-0.007696,0.020590
7.500000,0.006444,-0.825180,-0.014131,-3.811095,-2.708740,-8.023701,0.195230,0.051992,0.001239
7.520000,0.457146,0.357031,-0.134811,2.190415,-0.607457,-11.512072,0.114046,0.006832,0.036695
7.540000,0.293419,1.184333,0.032168,1.853011,0.688365,-6.978395,0.153522,0.001212,0.002497
7.560000,-1.034981,-0.059790,0.447497,0.898216,-0.974295,-11.704213,0.183221,0.023308,0.058814
7.580000,0.297112,-0.355224,0.117595,0.760008,-1.739141,-11.462278,0.189554,0.011582,0.020431
7.600000,0.272463,-0.072090,0.058742,-1.684180,-0.740807,-8.042895,0.194653,-0.017285,-0.012964
7.620000,0.452635,-0.211610,-0.116079,3.973538,1.666295,-11.124765,0.151882,-0.024549,0.022022
7.640000,-0.062560,-0.398636,0.053301,-3.104720,-2.777326,-11.070771,0.222656,0.017952,-0.004681
7.660000,0.457983,-0.250199,0.326773,-0.188657,0.202869,-8.359995,0.152930,-0.026448,-0.030362
7.680000,0.408658,1.176973,0.007644,1.948566,1.865660,-7.736551,0.141973,-0.011983,-0.001770
7.700000,-0.693726,-0.291552,0.525047,0.829226,-1.411252,-10.320537,0.170748,0.036059,0.039140
7.720000,0.112833,-0.598553,0.296034,0.635441,-1.645792,-11.277447,0.174606,0.018416,0.028230
7.740000,-0.160524,0.053636,0.034979,-1.647674,-0.652328,-8.448578,0.176814,-0.006107,-0.001580
7.760000,0.344343,-0.244070,-0.014230,3.687707,1.527671,-10.861288,0.134893,-0.009527,0.025207
7.780000,0.289476,-0.497297,0.008528,-2.023855,-1.858991,-9.933413,0.199330,0.030331,0.003739
7.800000,-0.231441,-0.108281,0.223254,-0.035844,-0.528005,-9.971907,0.150866,0.004086,0.000803
7.820000,0.403811,1.144459,-0.116734,2.867236,2.195535,-7.447119,0.142917,0.003744,-0.002835
7.840000,-0.993301,-0.006112,0.312274,0.460719,-1.066773,-9.401723,0.190985,0.057232,0.043969
7.860000,-0.351753,-0.426588,0.192999,1.863831,-1.982912,-12.636943,0.186877,0.046034,0.051419
7.880000,0.097947,-0.238558,-0.026610,-0.853408,-0.889487,-11.885248,0.211680,0.013003,-0.005629
7.900000,1.272150,-0.908690,-0.145177,-0.652572,-0.159755,-7.584134,0.183813,0.002176,-0.047555
7.920000,0.173589,-0.487657,-0.166835,-0.357162,-0.992392,-9.427714,0.160846,0.006813,-0.003445
7.940000,-0.454697,-0.482798,0.570986,-0.267397,-1.167240,-10.060575,0.144748,-0.003681,0.003773
7.960000,0.713664,1.064825,0.448303,2.815226,1.242029,-11.354162,0.133435,-0.018331,-0.001522
7.980000,0.466729,1.748177,0.323269,-0.525400,0.627084,-5.225081,0.182486,0.015554,-0.032748
8.000000,-0.600697,-0.404874,0.433348,2.378511,-2.123689,-12.343366,0.159421,0.039325,0.058226
8.020000,0.328858,-0.480738,0.150540,-1.747227,-0.594576,-11.392575,0.194291,0.004019,0.007016
8.040000,-0.049839,-0.000873,0.204534,0.050629,-0.347461,-8.077521,0.148972,-0.000361,-0.025054
8.060000,0.004467,-0.317656,-0.153370,2.672878,0.735088,-10.289556,0.140287,0.000196,0.009212
8.080000,-0.495893,-0.651765,0.242009,-1.514731,-2.703400,-9.211378,0.184604,0.024117,-0.000809
8.100000,0.508883,0.857375,0.473337,2.102209,1.197109,-12.150233,0.148051,-0.021866,0.010897
8.120000,0.774291,1.751490,0.170873,-1.781942,1.279313,-5.122362,0.183207,0.010760,-0.036221
8.140000,-0.827452,-0.356726,0.488791,1.138766,-1.467561,-11.974330,0.135247,0.048008,0.056797
8.160000,0.240531,-0.359694,0.329932,1.226228,-1.938146,-11.528367,0.144811,0.026669,0.012901
8.180000,0.258999,-0.103304,0.193745,-0.425449,-0.905245,-7.656728,0.158119,-0.005842,-0.021887
8.200000,0.396780,-0.439047,0.174390,4.033050,2.101697,-10.909666,0.139533,-0.016218,0.020767
8.220000,0.191782,-0.318763,0.191328,-3.920804,-2.893793,-9.500513,0.211396,0.035974,-0.001687
8.240000,-0.141573,0.322461,0.095024,1.569035,0.225211,-10.503715,0.126635,-0.009441,0.004004
8.260000,0.225944,1.316755,-0.190159,1.431218,0.852834,-6.297400,0.150276,0.005649,-0.010309
8.280000,-0.557450,-0.167368,0.258545,1.543828,-1.483833,-11.359504,0.167674,0.033315,0.059334
8.300000,0.231612,-0.628122,0.002194,0.349873,-1.764315,-11.814412,0.185228,0.013590,0.027638
8.320000,0.206608,-0.200171,0.010407,-1.633084,-0.628428,-8.243700,0.180849,-0.013595,-0.012948
8.340000,0.489420,-0.321432,-0.159428,3.815201,1.536067,-11.285488,0.138415,-0.016847,0.017913
8.360000,-0.495270,-0.286144,0.081968,-3.589547,-2.518135,-8.975749,0.205034,0.023650,-0.012080
8.380000,-0.021521,0.115705,0.158404,1.623325,0.004201,-10.318881,0.125316,-0.016185,0.004162
8.400000,0.428044,1.224159,-0.025389,2.514420,2.214690,-7.477266,0.150838,-0.006414,-0.006378
8.420000,-0.808272,-0.059242,0.526345,0.453162,-1.087380,-9.761208,0.190934,0.048309,0.039734
8.440000,-0.265488,-0.514216,0.405613,1.815635,-2.180650,-11.718056,0.186234,0.037001,0.039948
8.460000,0.299056,-0.320892,0.115459,-2.267078,-0.446290,-8.241604,0.210666,0.000575,0.001295
8.480000,0.814468,0.061600,-0.091207,2.637957,0.172197,-11.386805,0.155403,-0.000028,0.032235
8.500000,0.159647,-0.546189,0.040886,-1.895767,-1.751169,-9.836772,0.198091,0.012293,0.000239
8.520000,-0.218631,-0.197879,0.330167,-2.116503,-2.032637,-9.813087,0.150730,-0.012258,-0.000804
8.540000,0.490359,0.893300,-0.031868,4.255055,2.391427,-9.765300,0.101024,-0.042406,-0.001286
8.560000,0.687564,1.258148,-0.224050,0.181065,-0.326015,-7.641287,0.177405,0.015519,-0.000846
8.580000,-0.367648,-0.478964,0.279699,1.532707,-1.942572,-11.445006,0.168413,0.021777,0.041705
8.600000,-0.050158,-0.109916,-0.127069,-2.127020,0.340172,-11.731601,0.187798,-0.007814,0.008462
8.620000,-0.458637,0.339411,0.017948,0.703918,-0.549251,-8.384776,0.135799,0.008843,-0.030446
8.640000,-0.523703,-0.439623,0.070312,0.343091,-0.495299,-10.067207,0.140117,0.006634,-0.002381
8.660000,-0.313790,-0.673442,0.317074,-0.349892,-1.862064,-9.410905,0.137345,0.006529,-0.008007
8.680000,0.590761,1.014958,0.525343,3.114084,1.482861,-10.963418,0.123912,-0.022352,-0.000309
8.700000,0.744015,1.649610,0.288904,-0.908960,0.399572,-5.270798,0.178577,0.016414,-0.023737
8.720000,-0.641002,-0.352387,0.454125,2.109015,-1.955854,-12.963288,0.147717,0.036644,0.066254
8.740000,-0.027119,-0.544770,0.255390,-0.336004,-1.358688,-11.664416,0.177222,0.005835,0.002602
8.760000,0.023660,-0.034208,0.347686,-0.427751,-0.456532,-6.940840,0.159965,-0.014325,-0.034895
8.780000,0.424441,-0.317405,0.061034,3.966628,1.744539,-11.739007,0.141702,-0.016271,0.022116
8.800000,-0.391149,-0.321806,0.279021,-4.441306,-2.715123,-9.002395,0.212400,0.027902,-0.016874
8.820000,-0.258489,0.329816,0.178970,2.337282,1.493835,-10.055725,0.117021,-0.016769,-0.001068
8.840000,0.555921,1.495737,-0.219682,0.336326,0.772774,-5.710437,0.157666,0.021240,-0.006246
8.860000,-0.755201,0.058343,0.297685,1.768667,-1.258054,-12.363200,0.154124,0.046479,0.075232
8.880000,-0.001074,-0.532444,0.055480,0.796949,-1.719990,-12.133850,0.175802,0.029998,0.023497
8.900000,0.020646,-0.135821,0.121902,-1.064974,-1.203928,-7.712191,0.179730,0.002073,-0.023455
8.920000,0.353765,-0.472357,-0.001801,2.934586,1.314558,-10.924433,0.147945,-0.015044,0.018097
8.940000,0.126040,0.036682,-0.281627,-0.341450,-0.244000,-19.326160,0.128484,0.213087,-0.045334
8.960000,0.748639,0.182982,-0.362708,-5.926993,3.918593,-8.139371,0.121655,0.208207,-0.235657
8.980000,-2.025279,-2.672504,0.372921,6.747855,-13.855324,11.108183,0.002699,0.288668,-0.202256
9.000000,1.430402,-1.896084,0.133092,1.691083,-2.506013,-15.153138,0.139613,0.013334,0.216090
9.020000,1.523569,-2.190429,0.011244,2.324769,0.598807,-9.666213,0.182814,-0.031440,0.108930
9.040000,-0.333401,-2.337034,0.366294,-2.497078,0.117696,-17.490759,0.246739,-0.008077,0.110698
9.060000,-0.379407,-1.925371,0.206525,-3.992631,0.370031,-16.233889,0.223142,0.003205,-0.044899
9.080000,-0.880459,-1.068700,0.084356,-4.661751,0.665979,-12.852488,0.178387,0.017339,-0.176659
9.100000,-0.940654,0.837290,-0.083699,-1.337334,1.895556,-7.645349,0.125516,0.035273,-0.241761
9.120000,-0.830378,2.735525,0.141007,2.263176,1.212762,-7.435762,0.139564,0.075741,-0.202773
9.140000,-0.424567,3.343629,0.461717,5.197860,-4.565605,-7.485971,0.217609,0.099441,-0.158047
9.160000,0.204727,2.660811,0.110517,3.678682,-3.887139,-8.425963,0.341527,0.004355,-0.112621
9.180000,0.721017,2.881009,0.037365,-6.341549,4.168405,-1.751214,0.424314,-0.077559,-0.085201
9.200000,-0.692664,1.306589,0.435782,-1.131207,0.748601,-13.757261,0.295068,0.003842,0.075950
9.220000,1.961623,-0.556267,0.497454,-1.616595,-2.143020,-7.580984,0.262337,0.016905,-0.003265
9.240000,-1.212371,-1.273891,-0.088093,-1.005284,-1.420336,-11.276965,0.217288,-0.029126,0.040877
9.260000,0.728507,0.255177,0.383184,0.721768,-0.618470,-10.203373,0.188876,-0.053295,0.011316
9.280000,1.339629,1.172352,0.578534,-3.064552,2.811698,-8.141011,0.197867,-0.060728,0.003311
9.300000,-1.059129,0.028275,0.223183,0.114224,-0.391781,-10.413171,0.128024,0.004054,0.036318
9.320000,-0.551794,-0.888449,-0.089893,2.142159,-2.750206,-10.717393,0.118334,0.005129,0.023686
9.340000,0.543883,-0.555445,0.093161,-1.257002,0.553543,-11.222119,0.151273,-0.043489,0.005184
9.360000,-0.278387,0.590595,0.195319,2.906664,2.059277,-7.871118,0.119088,-0.025848,-0.023295
9.380000,-0.272180,-0.207027,0.055354,-0.586992,-1.050369,-10.569322,0.170575,0.022831,0.015227
9.400000,-0.638627,-0.394849,0.378810,-1.222600,-1.622239,-8.840688,0.150520,0.009105,-0.000271
9.420000,0.998105,0.603266,0.106330,2.240763,1.745464,-12.398981,0.119748,-0.017319,0.018921
9.440000,0.290342,1.376203,-0.004457,2.074855,-1.128065,-5.071559,0.157452,0.023480,-0.033076
9.460000,-0.228653,-0.292087,0.089904,-0.717423,-0.589130,-12.811523,0.188008,0.008524,0.061240
9.480000,-0.057479,-0.110955,0.116122,-2.512486,0.308526,-10.709791,0.161740,0.003485,0.000731
9.500000,0.831272,-0.426785,0.092450,1.484603,0.209445,-8.994196,0.101178,0.015630,-0.017627
9.520000,-0.393236,-0.695846,0.095664,1.079816,-0.006646,-9.087147,0.120444,0.025782,-0.001679
9.540000,0.158194,0.049172,0.540590,1.872189,-0.113950,-10.723924,0.134013,0.033388,0.012461
9.560000,0.274322,1.330157,0.806240,-1.141111,-0.443908,-9.171986,0.166644,0.037356,-0.005976
9.580000,-1.958891,-0.139268,0.942790,-0.736572,-0.596286,-7.378353,0.135591,0.036483,0.006448
9.600000,-0.456422,-0.324458,0.513852,5.212133,-3.728975,-11.479630,0.107371,0.033174,0.054427
9.620000,0.519596,-0.570632,0.201381,-2.401964,-0.245799,-13.361657,0.199277,-0.035236,0.020549
9.640000,-0.088537,0.095492,0.367903,1.223934,0.946287,-6.463190,0.141362,-0.033294,-0.050853
9.660000,0.162294,-0.319431,-0.156667,2.380435,0.417288,-11.326100,0.156324,-0.005687,0.015660
9.680000,-0.189887,-0.427715,0.129926,-3.484353,-2.062255,-8.262410,0.194128,0.012766,-0.015168
9.700000,2.000171,0.858889,-0.211328,2.629702,1.088999,-12.005229,0.116724,-0.018561,0.015381
9.720000,0.274738,1.557074,0.007141,-0.115275,0.691063,-7.764922,0.161844,0.012460,-0.028884
9.740000,-0.896237,-0.615852,-0.064108,-0.977390,-1.099006,-9.537067,0.147328,0.037354,0.011324
9.760000,-0.167419,-0.204283,0.080063,-1.248850,-0.592836,-11.598891,0.115213,0.024734,0.016156
9.780000,0.630278,-0.268014,0.174150,2.146830,0.478234,-8.342728,0.079579,0.020430,-0.020057
9.800000,-0.348761,-0.724345,-0.110879,1.067060,0.156062,-10.183348,0.111518,0.037238,0.008846
9.820000,0.060693,-0.087389,0.298265,-0.022824,-1.828313,-10.074482,0.123906,0.049139,0.000978
9.840000,0.201998,0.902137,0.320622,2.442579,1.435620,-12.161895,0.117714,0.018631,-0.004489
9.860000,0.099550,1.640727,0.070688,-0.548593,0.926099,-6.438822,0.158386,0.054871,-0.051842
9.880000,-0.853050,-0.582797,-0.300025,3.843399,-3.854630,-10.447154,0.134286,0.082304,0.014939
9.900000,-0.133665,-0.034806,-0.191995,-0.891438,-0.278283,-12.870777,0.198369,0.012481,0.001644
9.920000,1.554980,-1.051348,-0.148301,0.039668,0.324768,-6.226796,0.169338,0.011704,-0.059950
9.940000,-0.241267,-0.513701,0.151469,0.227136,-0.474688,-11.295416,0.159958,0.025477,0.011315
9.960000,-0.529966,-0.485685,0.097889,0.106095,-0.750280,-9.970258,0.156091,0.024061,-0.018740
9.980000,0.765249,1.383087,0.163906,-0.128949,-1.092162,-8.728051,0.152322,0.015809,-0.022150
10.000000,-0.138494,0.428871,0.326090,-1.109282,0.035962,-7.221472,0.141276,0.002369,-0.000874
10.020000,-0.182749,-0.420642,0.454020,3.838666,-3.086496,-12.285293,0.106087,0.012177,0.050254
10.040000,0.522000,-0.519421,0.249198,-2.739114,0.827977,-11.246462,0.170527,-0.041835,0.000208
10.060000,-0.479352,0.588206,0.230883,1.888159,0.429435,-8.057145,0.106251,-0.016512,-0.028947
10.080000,0.275409,-0.387882,-0.150866,1.620192,-0.008611,-9.977762,0.134709,0.000870,0.005692
10.100000,-0.264173,-0.490394,0.234207,-2.395806,-1.542052,-10.555722,0.157388,0.011312,0.001808
10.120000,-0.375117,0.227472,0.106259,3.617453,1.522835,-9.062825,0.102444,-0.009267,-0.013501
10.140000,0.750344,1.080054,-0.266805,-0.505773,0.741857,-7.392831,0.168053,0.029559,0.001148
10.160000,-0.683267,-0.172288,0.333232,0.775504,-1.612000,-9.883121,0.147825,0.055008,0.048943
10.180000,-0.462946,-0.381993,0.419577,3.473023,-3.191877,-13.196830,0.150504,0.031845,0.046850
10.200000,0.169042,-0.053970,0.386104,-0.708914,-0.756466,-6.732640,0.208908,-0.025091,-0.021320
10.220000,0.610836,-0.390628,0.386207,2.269431,0.914192,-11.515887,0.185194,-0.033380,0.039876
10.240000,-0.037568,-0.150823,0.272914,-2.268392,-1.909257,-10.598212,0.221641,-0.005677,0.005328
10.260000,0.094342,0.358860,0.215472,-1.934385,-1.080329,-9.523897,0.168279,-0.032583,-0.010924
10.280000,0.635440,1.216439,-0.076353,-0.198964,1.886955,-6.339056,0.121243,-0.043449,-0.005674
10.300000,-0.240951,-0.295392,0.432322,3.469350,-2.827193,-11.807973,0.105591,0.006181,0.063036
10.320000,0.122211,-0.758776,0.208275,1.039526,-0.077342,-11.609107,0.161905,-0.038635,0.022289
10.340000,-0.455234,-0.067083,-0.085750,-2.276566,0.921437,-7.238707,0.171890,-0.029765,-0.014268
10.360000,0.722104,-0.592205,-0.171145,2.485156,0.465111,-11.640790,0.117265,-0.001034,0.036676
10.380000,-0.651825,-0.672363,0.114404,-1.113630,-0.637730,-9.789199,0.157681,0.017191,-0.000363
10.400000,-0.498553,-0.232101,0.423527,1.077200,0.151292,-11.157537,0.128624,0.013782,-0.000287
10.420000,0.135765,1.242549,0.535778,2.931778,2.243353,-5.411492,0.145449,0.023821,-0.027420
10.440000,-2.710268,-0.271504,0.515489,-0.379259,-0.750249,-10.780077,0.196214,0.077892,0.060176
10.460000,-0.920522,-0.068370,0.491038,4.050010,-3.123157,-10.585022,0.175423,0.073060,0.040065
10.480000,-0.097216,-0.130223,0.276457,-0.336839,-0.649043,-13.019254,0.243546,0.015629,0.024077
10.500000,1.959626,-1.041161,0.063980,-0.894572,0.508113,-7.265836,0.225524,0.006662,-0.040474
10.520000,0.242977,-0.109807,-0.032420,0.063233,-1.345740,-10.689808,0.197149,0.021949,0.010062
10.540000,0.085266,-0.717353,0.228006,-3.197323,-2.187741,-9.773030,0.189051,0.002862,-0.007914
10.560000,-0.812768,0.009796,0.372521,2.037898,0.981343,-9.895124,0.118110,-0.032385,-0.007484
10.580000,0.315561,1.331653,0.203965,-1.130300,1.881159,-7.451825,0.153362,-0.004731,-0.009428
10.600000,-0.362322,-0.282654,0.005675,0.470376,-1.497411,-10.107225,0.121214,0.043352,0.037224
10.620000,-0.097739,-0.536317,0.132523,3.598420,-2.989185,-11.076837,0.118308,0.023048,0.030655
10.640000,0.088824,0.021882,-0.031818,-0.268104,-0.711117,-8.826960,0.180146,-0.029946,0.004939
10.660000,0.835646,-0.092061,-0.079769,1.999454,0.568089,-11.010482,0.166870,-0.035512,0.024249
10.680000,0.120516,-0.041737,-0.027270,-2.878735,-2.494298,-9.727553,0.197983,-0.014341,-0.000207
10.700000,0.185265,0.225321,0.191850,-0.007258,-0.198325,-10.483674,0.131523,-0.053248,0.000933
10.720000,0.329787,0.968244,-0.042317,0.411618,3.442234,-8.590732,0.122097,-0.045644,-0.013102
10.740000,-0.683652,0.038489,0.326750,2.134704,-1.588142,-8.085891,0.118245,0.035442,0.010528
10.760000,-0.432141,-0.719322,0.308640,3.058511,-3.402236,-13.067347,0.147127,0.015893,0.044142
10.780000,0.215741,-0.302941,0.331149,-2.858404,1.085987,-7.138261,0.196351,-0.043060,-0.021580
10.800000,0.371751,-0.178794,0.115117,2.584002,0.648372,-11.706946,0.129957,-0.012318,0.031430
10.820000,-0.105207,-0.421190,0.188303,-0.752988,-0.920952,-9.117246,0.171623,0.009150,-0.006949
10.840000,-0.254361,-0.315285,0.052485,-0.391964,-0.261940,-10.661626,0.147148,-0.000349,0.006477
10.860000,0.598419,1.396235,0.053350,3.994060,1.377830,-6.495348,0.132107,0.002911,-0.010872
10.880000,-0.313514,-0.002976,0.038841,-0.867757,-0.602376,-10.240241,0.202612,0.039493,0.054989
10.900000,-0.633364,-0.168030,0.290224,1.428706,-1.670191,-10.794122,0.171227,0.036764,0.045660
10.920000,-0.416599,-0.213065,-0.071832,-2.337742,0.648679,-11.786369,0.186290,0.010061,0.025397
10.940000,0.080279,-0.101477,0.091755,0.251300,-0.421321,-8.836944,0.127503,0.028393,-0.014573
10.960000,0.147685,-0.569091,0.016953,2.348615,0.526815,-10.761329,0.120416,0.024065,0.004471
10.980000,-0.671483,-0.914164,0.032787,-1.958823,-2.502207,-9.058474,0.158172,0.042640,-0.014937
11.000000,0.543469,0.752445,0.143727,2.522475,1.084925,-10.867134,0.113220,-0.000390,-0.000117
11.020000,0.598142,1.330345,-0.017414,-0.581072,1.329676,-5.280893,0.156963,0.029440,-0.021543
11.040000,-0.575115,0.021774,0.159798,2.240641,-1.872832,-10.909274,0.134259,0.065457,0.068499
11.060000,-0.446043,-0.525985,0.116295,2.854952,-3.070789,-13.232440,0.166010,0.036352,0.045900
11.080000,0.046726,0.086593,0.269464,-0.851478,-0.768527,-7.234316,0.211339,-0.019435,-0.022983
11.100000,0.332657,-0.428599,-0.210244,-0.200220,-0.353443,-11.104288,0.183985,-0.029763,0.028194
11.120000,0.430182,-0.241009,-0.094578,-1.354273,-1.371435,-9.409121,0.170780,-0.028564,0.001918
11.140000,0.259099,0.016324,0.285259,2.727865,1.635324,-11.200160,0.135152,-0.045909,0.009490
11.160000,-0.267022,0.904559,0.160378,0.123100,3.133713,-7.381017,0.182249,-0.002325,-0.018757
11.180000,-0.666732,-0.103041,-0.214719,-1.055848,-0.887452,-9.184567,0.175417,0.071794,0.029268
11.200000,-0.782095,-0.148434,0.350540,5.337464,-3.914753,-10.119302,0.141260,0.064225,0.041078
11.220000,0.152994,-0.314112,0.100259,-1.739373,-0.228292,-12.455645,0.235240,-0.008404,0.034394
11.240000,1.327638,-0.800878,0.090609,-0.327948,0.399177,-8.560037,0.189555,-0.007953,-0.018886
11.260000,0.315356,-0.074876,-0.026171,0.495369,-0.777645,-10.537103,0.172496,0.006833,0.005714
11.280000,0.038981,-0.432026,0.172808,-3.001240,-2.100540,-10.217396,0.172964,0.000765,-0.009285
11.300000,-0.035668,0.143870,0.010567,2.739251,1.363370,-9.506272,0.105391,-0.031291,-0.017831
11.320000,0.100738,1.301128,-0.026584,0.061662,0.832323,-8.677168,0.153196,0.005456,-0.012110
11.340000,-0.639306,-0.553985,0.174605,1.196706,-2.553494,-9.086566,0.143651,0.032948,0.009950
11.360000,-0.012030,-0.405508,0.243280,0.370655,-0.698195,-10.877171,0.155892,-0.008110,0.023814
11.380000,-0.180773,0.156568,-0.060129,-0.154523,0.144055,-9.026396,0.153810,-0.014066,0.002077
11.400000,0.595618,-0.164160,-0.140912,1.962223,-0.105072,-10.485692,0.141939,-0.002278,0.017350
11.420000,-0.193692,-0.694666,-0.072752,-1.148528,-0.603419,-10.135184,0.171335,0.004447,0.003390
11.440000,-0.386630,0.048414,0.111275,1.399618,-0.423006,-10.757197,0.140560,0.002510,-0.003531
11.460000,0.422890,1.337227,0.009530,1.405074,-1.294230,-5.851309,0.162014,0.001355,-0.022720
11.480000,-0.670290,-0.157566,0.435186,-0.190915,-0.184636,-10.551914,0.179783,-0.015866,0.055990
11.500000,0.141460,-0.782623,0.409538,1.807229,-1.594898,-11.053116,0.162318,-0.010271,0.040456
11.520000,0.022988,-0.164871,-0.004815,-2.423130,0.602472,-12.819380,0.187299,-0.034691,0.015133
11.540000,-0.560970,0.363486,0.231771,2.951797,1.198011,-7.367576,0.130720,-0.013057,-0.045457
11.560000,-0.068356,-0.446506,0.146399,-1.020540,-1.370663,-9.621663,0.180883,0.018742,0.003034
11.580000,-0.286854,-0.535718,0.502604,-1.283125,-0.919244,-10.644372,0.152191,-0.000042,0.006436
11.600000,-0.696080,1.176088,0.619325,3.855269,1.803582,-10.243251,0.121061,-0.010180,-0.010501
11.620000,0.695364,1.643195,0.055326,-1.133776,0.667536,-6.048442,0.191536,0.034475,-0.019466
11.640000,-0.855353,-0.115617,0.468998,0.858883,-1.149396,-10.650654,0.157000,0.058540,0.055113
11.660000,-0.377641,-0.363493,0.072135,2.999417,-3.089339,-13.322581,0.161645,0.042093,0.037790
11.680000,-0.093184,0.196757,0.249785,-0.355491,-0.451594,-6.888328,0.210974,-0.014364,-0.032824
11.700000,0.610216,-0.061831,0.322358,1.977692,0.446512,-11.136573,0.194043,-0.019362,0.025322
11.720000,0.153358,-0.275024,0.126737,-3.648520,-2.559704,-9.399446,0.224274,-0.002179,-0.001605
11.740000,0.201972,0.293584,0.195351,-0.568211,-0.310971,-10.541093,0.142991,-0.043619,0.006187
11.760000,0.546478,1.080890,-0.083636,-0.537524,2.290342,-6.316358,0.123344,-0.039916,-0.008861
11.780000,0.033371,-0.203725,0.282795,3.512984,-2.979983,-11.204121,0.101065,0.017252,0.060343
11.800000,0.038533,-0.823076,0.181144,0.135329,-0.383080,-11.533577,0.159082,-0.031508,0.031778
11.820000,-0.121151,-0.131326,0.080249,-2.441374,1.012155,-8.369403,0.151988,-0.029525,-0.003176
11.840000,0.627004,-0.441826,-0.059291,1.928804,0.069016,-10.882646,0.095061,0.000998,0.025199
11.860000,-0.300744,-0.753830,0.093867,-0.349027,-0.263734,-10.102328,0.124544,0.010966,0.003347
11.880000,-0.660277,-0.328814,0.322272,1.508012,-0.336013,-10.449360,0.110865,0.015063,-0.002838
11.900000,0.503696,1.101990,0.342546,3.079774,2.024160,-9.572665,0.136597,0.014443,-0.015770
11.920000,0.008561,0.007488,0.210990,-0.274250,-0.062700,-19.334750,-0.125384,-0.116322,0.038287
11.940000,0.284535,0.010938,0.167344,-0.257951,-0.119450,-19.217461,-0.130869,-0.117576,-0.152208
11.960000,0.221985,0.118716,0.187353,-4.136228,-0.972301,19.898733,-0.136039,-0.119407,-0.340358
11.980000,0.002866,0.375804,1.470216,0.857211,0.010087,-19.221691,-0.219009,-0.137150,0.253809
12.000000,0.375371,-0.349407,1.537744,2.277875,3.376741,-10.804551,-0.206635,-0.131447,0.065440
12.020000,-0.879471,-1.450938,2.350171,2.864458,1.512269,-13.222536,-0.165926,-0.057137,0.045372
12.040000,0.127160,-1.911021,2.046955,0.475975,1.406787,-14.522679,-0.109930,-0.018797,-0.023050
12.060000,0.618729,-1.624768,1.713528,-1.075252,2.848719,-11.144366,-0.094808,0.015738,-0.117488
12.080000,-0.252997,0.081779,1.156453,3.860385,-0.116616,-6.344166,-0.103056,0.080012,-0.144760
12.100000,-0.715011,0.441193,0.321669,3.480740,-2.744864,-8.045555,-0.009879,0.085852,-0.076265
12.120000,-0.438711,0.687094,-0.233861,2.702675,-3.806093,-10.268069,0.074441,0.037022,-0.041622
12.140000,0.473028,0.983307,-0.381350,1.338391,-2.794661,-13.163997,0.141315,-0.035427,-0.051237
12.160000,0.712839,1.478122,-0.251962,2.535113,2.713215,-8.898007,0.176903,-0.087583,-0.118551
12.180000,-0.806931,2.385315,-0.186490,-3.595490,1.807379,-4.633826,0.231863,-0.026880,-0.100463
12.200000,0.987638,0.168510,-0.158621,-0.397833,-0.997634,-9.476247,0.155224,0.014223,0.002941
12.220000,0.140906,-0.153080,-0.043020,-0.098725,0.401616,-10.528057,0.137062,-0.000405,0.009278
12.240000,-0.218466,0.416052,-0.179364,0.486779,-0.173213,-9.458916,0.125272,0.015120,-0.005472
12.260000,1.911820,1.128000,-0.659219,0.351764,0.181881,-7.029021,0.125269,0.018953,0.001172
12.280000,-0.544355,-0.246328,-0.201621,3.455987,-2.370562,-10.411160,0.119948,0.029366,0.056285
12.300000,-0.020912,-0.576156,-0.190164,0.838948,-1.554972,-12.713306,0.175589,-0.011356,0.043684
12.320000,0.194724,-0.121762,-0.080625,-2.246600,0.243045,-12.510711,0.180078,-0.037831,-0.014822
12.340000,1.628256,-0.619669,-0.153676,1.795631,1.180466,-6.020806,0.124572,-0.027864,-0.069188
12.360000,0.057185,-0.653217,-0.075188,-1.178442,-0.928069,-9.830496,0.150242,0.002918,0.006197
12.380000,-0.645331,-0.274622,0.334831,1.365391,0.144613,-9.809057,0.117594,-0.007041,0.005388
12.400000,0.842842,1.190082,0.362177,2.590065,1.454051,-12.574417,0.138532,0.003031,0.005172
12.420000,0.460701,1.736441,0.231311,0.660275,0.079590,-3.683044,0.181540,0.040312,-0.050485
12.440000,-0.415903,-0.778157,-0.303097,1.410173,-2.057647,-12.632884,0.180655,0.052416,0.071265
12.460000,0.003592,-0.275692,-0.186409,-2.975597,0.180598,-11.509146,0.195644,0.017028,0.014277
12.480000,0.920570,-0.456340,-0.178683,0.983864,0.386725,-8.736536,0.125861,0.026514,-0.020063
12.500000,0.090096,-0.533630,-0.262207,0.388656,-0.735652,-9.630505,0.135061,0.040098,0.001039
12.520000,-0.888642,-0.839752,0.591059,0.684361,-0.551558,-9.579913,0.133671,0.033375,0.004252
12.540000,0.678027,1.023051,0.863900,1.909804,0.121366,-12.054804,0.142372,0.028098,0.008706
12.560000,0.347725,1.893804,0.530271,0.353994,-0.296439,-4.036894,0.173922,0.037646,-0.036432
12.580000,-0.792250,-0.433789,0.197882,2.290563,-1.910897,-13.911438,0.168532,0.040485,0.078437
12.600000,0.228091,-0.383136,-0.186052,-2.534797,0.099846,-11.393489,0.201490,0.009230,-0.004137
12.620000,1.530032,-0.779381,-0.431844,-0.152915,-0.340932,-7.242527,0.139831,0.016985,-0.036198
12.640000,-0.376615,-0.747205,-0.205694,2.508749,1.049837,-11.981212,0.126637,0.016629,0.014783
12.660000,-0.959150,-0.790384,0.071148,-0.494145,-1.673275,-8.948353,0.169376,0.045564,-0.028943
12.680000,0.841930,1.305358,0.507200,1.236592,-0.199817,-8.653191,0.155616,0.017257,-0.011816
12.700000,-3.275987,-0.390978,0.845204,-1.066239,-0.127763,-6.630071,0.173287,0.021256,0.011030
12.720000,-0.243046,-0.597466,0.021395,1.523300,-2.016458,-13.321306,0.138859,0.028053,0.073967
12.740000,0.200829,-0.322807,-0.007689,-3.676908,0.638100,-11.877924,0.157026,-0.004953,0.003218
12.760000,-0.233758,0.262704,0.102374,1.125048,-0.093420,-7.269184,0.073411,0.015151,-0.038537
12.780000,-0.012260,-0.613353,-0.165740,1.903524,0.378261,-11.501053,0.085945,0.020501,0.011893
12.800000,-0.680618,-0.755554,0.154012,-0.248778,-1.006583,-9.097639,0.114860,0.036256,-0.022313
12.820000,0.603939,1.010450,0.328808,2.895852,1.131460,-11.820231,0.104228,0.023091,-0.008271
12.840000,0.110729,1.505718,0.299160,0.889320,-0.980173,-3.868655,0.155259,0.053093,-0.048735
12.860000,-0.852353,-0.139835,0.426184,3.101082,-2.203703,-13.454749,0.161748,0.042925,0.069539
12.880000,0.054895,-0.327974,0.138413,-1.560337,-0.237339,-12.561819,0.211287,0.005942,-0.003882
12.900000,1.481906,-0.805792,-0.196615,-0.511014,-0.218140,-5.908385,0.168704,0.006845,-0.059330
12.920000,-0.187351,-0.523163,-0.143229,1.376958,0.373534,-10.825420,0.148226,0.009886,0.018294
12.940000,0.597359,0.252203,0.096161,0.508618,-1.412063,-10.532802,0.167172,0.026303,-0.002407
12.960000,0.731076,1.349676,0.585474,-1.384727,-0.337947,-7.127004,0.171074,0.004884,-0.017082
12.980000,-0.232182,-0.238891,0.255708,1.235720,-1.737037,-9.365406,0.133376,0.008516,0.036047
13.000000,0.064439,-0.670292,0.454069,0.231211,-0.924420,-11.911619,0.145410,-0.015988,0.044261
13.020000,0.173958,-0.028297,0.012222,-3.673630,0.597207,-8.146088,0.138883,-0.024594,0.001662
13.040000,0.584674,-0.256158,-0.072934,3.566988,1.035505,-11.076103,0.056189,-0.002843,0.034478
13.060000,-0.070803,-0.698741,0.130931,1.248254,0.214501,-11.204549,0.118027,0.027517,0.008688
13.080000,-0.370280,-0.510552,0.135982,-0.595919,-1.079502,-9.673364,0.135107,0.041969,-0.019625
13.100000,0.661040,1.117036,0.043907,4.647883,0.856591,-9.057089,0.118099,0.029381,-0.017165
13.120000,0.507216,1.331673,-0.097731,-0.253974,0.004315,-6.489238,0.204595,0.055859,-0.002436
13.140000,-0.857076,-0.263678,0.188458,1.388535,-2.082480,-12.287812,0.188689,0.067299,0.063351
13.160000,-0.651654,-0.025358,-0.003607,-0.299469,-1.234648,-13.530126,0.203991,0.033642,0.013235
13.180000,1.637957,-1.123746,-0.175105,-1.588681,-0.599332,-6.461044,0.186396,0.014403,-0.061587
13.200000,-0.028662,-0.486182,0.044198,2.154550,0.762407,-10.479433,0.144801,0.010087,0.004996
13.220000,-0.746257,-0.497944,0.208438,-0.738901,-1.568390,-9.863369,0.179724,0.034058,-0.008757
13.240000,-0.026600,1.127464,0.605267,-1.259072,-1.613584,-10.411028,0.159503,0.010105,-0.010040
13.260000,0.704980,1.565053,0.211994,-0.384343,0.130715,-5.494506,0.126585,-0.013383,-0.022410
13.280000,-0.158489,-0.484962,0.201088,3.445446,-2.661544,-11.987077,0.105956,-0.000086,0.063181
13.300000,-0.021214,-0.416266,-0.076030,-1.661289,1.390731,-12.242465,0.162428,-0.044213,0.019033
13.320000,-0.193343,0.130697,0.023743,-0.740491,-0.358293,-7.439503,0.119765,-0.006649,-0.030086
13.340000,0.130044,-0.739450,-0.150840,3.640876,1.517630,-10.118941,0.095888,-0.004586,0.016897
13.360000,-0.649499,-0.833899,0.096697,-0.204711,-0.395506,-11.539877,0.159594,0.035752,0.010252
13.380000,0.358004,1.112686,0.277578,1.877977,-0.361153,-9.871537,0.150346,0.036169,-0.024590
13.400000,0.620563,1.688231,0.105796,-0.271017,-0.593213,-7.374243,0.181820,0.037132,-0.026086
13.420000,-0.819683,-0.369622,-0.008167,2.640401,-2.597195,-8.525011,0.164238,0.035467,0.021986
13.440000,0.200577,-0.705285,0.011132,1.016889,-2.169534,-12.742142,0.203323,-0.007364,0.046993
13.460000,0.029629,-0.153925,0.140993,-2.415385,-0.682542,-7.627070,0.212146,-0.043376,-0.012127
13.480000,0.823691,-0.193477,-0.055153,3.127815,0.930748,-11.289625,0.154292,-0.048148,0.031098
13.500000,0.365750,-0.444184,0.002585,-2.623006,-2.148586,-9.307229,0.207818,-0.019013,0.001015
13.520000,-0.088380,0.088326,0.282091,2.003123,1.763483,-10.844189,0.146523,-0.049651,0.010483
13.540000,0.322399,1.338491,-0.234187,0.083031,2.629700,-9.700604,0.179112,-0.001481,-0.010768
13.560000,-1.556558,-0.349175,0.610019,1.332875,-2.046487,-7.031806,0.170169,0.064548,-0.009328
13.580000,-0.302302,-0.724241,0.256251,3.138828,-3.565406,-11.996960,0.182870,0.035579,0.045373
13.600000,0.409642,-0.207040,0.303613,-4.000754,0.515867,-10.407235,0.233666,-0.027319,0.001087
13.620000,0.915270,-0.445421,0.234957,1.197642,0.299632,-8.735182,0.144064,-0.008042,-0.011297
13.640000,0.058077,-0.432270,0.054358,0.883180,-0.222237,-10.976501,0.157951,0.006978,0.009733
13.660000,-0.309586,-0.277659,0.208347,-0.686836,-1.327780,-10.176965,0.166331,0.012956,-0.014094
13.680000,-0.778503,1.032175,0.577245,1.813615,1.406460,-7.296836,0.145607,-0.004058,-0.021790
13.700000,-4.521874,-1.362496,0.716997,-0.425581,-1.109305,-9.111700,0.172580,0.034945,0.027951
13.720000,-0.325537,-0.410922,0.162459,2.752804,-3.109910,-11.807035,0.151139,0.023885,0.041174
13.740000,-0.092907,-0.294246,-0.025373,-3.604486,1.779545,-10.837166,0.194644,-0.028989,0.000671
13.760000,-0.629295,0.487116,0.033225,1.288673,0.004494,-8.245768,0.113048,0.015890,-0.020323
13.780000,-0.054690,-0.630227,0.046324,-0.334930,-1.021740,-10.898291,0.129180,0.023987,0.010561
13.800000,-0.598830,-0.654279,0.381359,0.119107,-0.850420,-10.013162,0.113219,0.011049,-0.011567
13.820000,0.598153,1.206359,0.630812,3.813956,1.940917,-10.063770,0.109857,0.001032,-0.015839
13.840000,0.632275,1.668167,0.435363,-1.104278,-0.071718,-5.685181,0.178232,0.048511,-0.021265
13.860000,-0.726094,0.025761,0.220184,3.889379,-2.794653,-12.226110,0.143055,0.058747,0.060446
13.880000,-0.425170,-0.423756,-0.013623,-0.845474,-0.821359,-11.170107,0.207169,0.010585,0.011494
13.900000,1.496053,-0.684275,0.101975,-0.864474,-0.569820,-8.086239,0.177884,-0.000564,-0.016170
13.920000,0.251744,-0.384471,-0.049687,2.672321,0.935876,-11.258925,0.148994,-0.006395,0.017883
13.940000,-0.124634,-0.453769,0.052961,-2.646818,-1.884459,-8.684270,0.193468,0.021674,-0.011524
13.960000,0.789669,0.841415,0.098730,2.042134,0.785570,-10.572137,0.133460,-0.006875,0.010650
13.980000,0.675304,1.761536,-0.080347,-0.324059,1.093054,-6.803724,0.167543,0.017707,-0.004910
14.000000,-0.839648,-0.075750,0.315930,1.494796,-1.471031,-10.692256,0.148806,0.050446,0.054530
14.020000,-0.229294,-0.575722,0.175684,2.471921,-3.023649,-13.222512,0.164633,0.030173,0.036166
14.040000,0.222188,0.150793,0.351959,-1.674155,-1.128019,-6.962431,0.202135,-0.023638,-0.032561
14.060000,0.326511,-0.274405,0.102613,3.446542,1.763995,-10.849759,0.157990,-0.039217,0.023976
14.080000,0.249661,-0.076515,0.058823,-2.363075,-2.202830,-10.339266,0.217464,0.006074,0.002697
14.100000,0.037301,0.329748,0.018227,-0.545530,-0.215309,-9.756306,0.161306,-0.026427,-0.008431
14.120000,0.510748,1.198163,-0.296884,0.869967,2.444288,-7.168617,0.141443,-0.018867,-0.007921
14.140000,-0.701049,-0.044007,0.475617,2.200372,-1.656079,-10.432383,0.146551,0.042470,0.044125
14.160000,0.169591,-0.873362,0.089601,0.260292,-1.579461,-12.382513,0.176785,0.020801,0.030858
14.180000,-0.383573,0.020680,-0.009350,-1.704655,-0.654414,-7.910291,0.170665,-0.001434,-0.021143
14.200000,0.201318,-0.370951,-0.111183,2.753253,0.968569,-10.980955,0.126870,-0.005109,0.016385
14.220000,0.037998,-0.555676,0.102491,-2.683100,-1.849155,-9.212548,0.172645,0.024154,-0.007504
14.240000,-0.170204,-0.131517,0.228493,0.942678,0.358250,-10.503638,0.111259,-0.002952,0.004044
14.260000,0.740887,1.088147,-0.052943,3.902946,1.587032,-10.706186,0.124328,0.013971,-0.010157
14.280000,0.069528,1.373116,0.008157,1.022058,-0.585883,-5.874186,0.194586,0.055472,-0.028479
14.300000,-0.330436,-0.494214,0.391134,3.067371,-3.536882,-12.642288,0.202665,0.055090,0.049519
14.320000,0.110216,-0.023356,0.486638,-3.449994,0.328223,-10.948434,0.252809,-0.007657,-0.007610
14.340000,1.078136,-0.707410,0.187338,-0.500663,-0.102069,-8.461836,0.174263,0.006924,-0.030775
14.360000,0.296551,-0.255555,-0.116080,-0.170838,-1.324627,-9.344428,0.154684,0.013186,-0.004221
14.380000,-0.553064,-0.616184,0.665982,-0.703712,-0.843594,-10.434962,0.142007,-0.003122,0.004607
14.400000,0.382145,0.865498,0.684883,2.542321,0.442020,-11.424713,0.121673,-0.010880,-0.008204
14.420000,0.441616,1.656619,0.420389,-1.286416,0.841157,-5.737343,0.164858,0.008173,-0.040914
14.440000,-0.296360,-0.523882,0.444362,3.418912,-3.501004,-10.479811,0.126226,0.037416,0.039720
14.460000,0.134903,-0.589724,0.276218,-1.986817,-0.425872,-11.393712,0.182524,-0.024058,0.025765
14.480000,-0.141780,0.497296,0.131776,1.239074,0.360302,-9.231048,0.133838,-0.023934,-0.006304
14.500000,0.378414,-0.281858,0.059970,0.722872,-0.546115,-9.116189,0.150156,-0.007267,0.004864
14.520000,-0.382720,-0.481842,0.306429,-1.230109,-0.619394,-10.952873,0.154775,-0.007362,0.018194
14.540000,-0.422980,0.361375,0.076901,3.415059,1.502614,-9.643834,0.123038,-0.008591,-0.005111
14.560000,0.207220,1.059492,-0.375370,1.396680,-1.823763,-6.894150,0.184543,0.030676,-0.002122
14.580000,-0.782599,-0.091152,0.188919,0.111044,-0.590790,-10.654596,0.202223,0.003853,0.055689
14.600000,0.087122,-0.587141,0.247308,1.463656,-2.148147,-12.590723,0.190776,0.001135,0.038109
14.620000,0.250565,-0.298171,0.167024,-1.508746,-0.659528,-7.356945,0.208428,-0.034886,-0.017973
14.640000,0.731028,-0.336804,0.010175,3.273211,1.464862,-11.321237,0.168726,-0.039524,0.030670
14.660000,0.321643,-0.192205,0.070793,-2.303289,-2.176885,-9.771882,0.224732,-0.000053,-0.000047
14.680000,0.035675,0.137913,0.281696,-1.751647,-0.759918,-10.377615,0.170386,-0.031824,0.000187
14.700000,0.294694,1.290772,-0.143014,2.143006,2.765481,-7.162234,0.127291,-0.034887,-0.011707
14.720000,-0.394303,-0.326853,0.379963,2.615560,-2.855644,-10.001321,0.159067,0.032826,0.040542
14.740000,-0.111412,-0.696812,0.246594,0.151807,-1.254477,-11.478401,0.198243,-0.012478,0.035919
14.760000,-0.183520,-0.128700,-0.248106,-3.405224,1.085333,-8.071693,0.190196,-0.028188,0.002013
14.780000,0.751336,-0.175937,-0.227626,2.506591,0.225606,-11.681661,0.113114,0.003662,0.036311
14.800000,0.037215,-0.671728,0.001413,-0.917534,-1.011534,-9.643846,0.153643,0.017020,-0.001557
14.820000,-0.596749,-0.428058,0.357626,0.357272,-0.450420,-9.940023,0.126986,0.006771,0.001336
14.840000,0.493597,1.132078,0.384849,3.118859,1.459175,-11.285377,0.128960,0.006220,-0.001515
14.860000,0.537126,1.645712,0.172764,-0.010366,0.082331,-7.874698,0.184149,0.044620,-0.031371
14.880000,-1.201514,-0.204770,0.443327,3.754627,-3.397205,-8.584629,0.171523,0.057761,0.006604
14.900000,0.082684,-0.116533,-0.191896,-0.300100,-0.019950,-19.255310,-0.214225,0.211264,-0.014088
14.920000,0.002539,-0.014166,-0.174335,0.021662,-0.025409,-19.487880,-0.220227,0.210865,-0.202994
14.940000,-0.072538,-0.028550,-0.168880,11.204256,-9.051137,23.586010,-0.219544,0.210647,-0.396552
14.960000,-1.171354,-1.490753,1.444857,3.483275,-1.186047,-12.566263,0.004805,0.029586,0.271368
14.980000,-0.472142,-1.905467,1.440603,2.333484,-0.161847,-15.760359,0.071739,0.014284,0.216043
15.000000,-0.149015,-2.515301,1.535977,-1.419557,1.066922,-16.339747,0.122574,0.016947,0.096903
15.020000,0.032650,-1.725647,1.097571,-2.745114,0.862300,-15.727611,0.107249,0.042552,-0.034174
15.040000,-0.294513,-0.609041,0.760462,-2.748231,-0.357764,-12.422216,0.074152,0.064445,-0.153797
15.060000,-0.286957,1.432040,0.485626,1.276996,-0.019709,-9.924259,0.045033,0.060766,-0.207782
15.080000,-0.332440,2.452397,1.271445,1.388993,0.648215,-9.636052,0.095094,0.063130,-0.211625
15.100000,0.135143,3.814867,1.694845,-3.378705,-6.518815,-3.057366,0.139440,0.077246,-0.208850
15.120000,0.556385,1.703952,0.133364,0.715495,-1.567604,-4.434797,0.076115,-0.052320,-0.073845
15.140000,0.926378,-0.281697,0.206375,0.006324,-1.006372,-8.724946,0.087818,-0.081621,0.033631
15.160000,0.873639,-0.268167,-0.151701,-2.394695,0.654830,-12.510424,0.079553,-0.097610,0.055109
15.180000,0.329590,-0.413323,0.038752,1.731226,2.753992,-9.921623,0.024322,-0.076438,0.000797
15.200000,-0.172615,0.415713,-0.167981,5.365452,3.384246,-9.530562,0.053056,-0.011556,-0.001769
15.220000,-0.190165,-0.184501,0.115407,2.431650,1.861564,-12.179532,0.153810,0.065894,0.003467
15.240000,-1.098124,0.238243,0.178186,-5.054359,-4.191322,-8.544380,0.195721,0.113187,-0.044297
15.260000,-0.707900,-0.064429,0.442495,2.501198,-0.942867,-9.829146,0.088408,0.036732,-0.019222
15.280000,0.745353,1.008058,0.431323,2.231245,-1.735429,-5.453896,0.132947,0.021998,-0.019725
15.300000,-0.609325,-0.241218,0.252835,1.579964,-1.063734,-10.724387,0.169605,-0.006379,0.067133
15.320000,0.251786,-0.779096,0.002256,-1.813045,-0.461818,-13.024370,0.190232,-0.020140,0.048394
15.340000,-0.023033,-0.153460,-0.029427,0.961808,1.011180,-5.375866,0.145829,-0.021692,-0.016213
15.360000,-1.378872,0.039571,0.006023,3.150876,1.166106,-13.363770,0.158496,0.006565,0.072195
15.380000,-0.569276,-0.789502,0.009659,-5.476749,-2.861709,-9.470682,0.213765,0.036905,0.000841
15.400000,-0.379986,-0.134752,0.390040,1.724622,-0.848435,-10.662752,0.099512,-0.013451,0.007450
15.420000,0.538300,1.018858,0.499063,2.857594,0.979437,-10.989978,0.130991,-0.025954,-0.009679
15.440000,0.596191,1.667827,0.303652,0.708511,-0.348830,-5.491133,0.182282,0.000406,-0.033483
15.460000,-0.433546,-0.436633,0.325112,1.454936,-1.966168,-11.209321,0.185549,0.003064,0.052354
15.480000,0.293865,-0.422278,-0.047779,-2.287601,0.254782,-12.754731,0.204183,-0.029008,0.023954
15.500000,-0.682616,0.172840,0.022287,-0.261361,0.283993,-7.080949,0.150024,-0.015463,-0.035303
15.520000,0.050974,-0.723469,-0.237150,1.704632,0.628538,-10.750800,0.137082,-0.001684,0.018959
15.540000,-0.789696,-0.814313,0.426338,-2.058021,-3.280592,-8.335835,0.163277,0.019073,-0.000187
15.560000,0.171288,0.736270,0.428111,2.202039,1.489415,-12.503986,0.118016,-0.041099,0.029178
15.580000,0.600295,1.447730,0.138988,0.124392,0.543943,-5.945217,0.156480,-0.004366,-0.024904
15.600000,-0.378322,-0.364875,0.388291,0.480280,-1.259319,-10.212713,0.149242,0.016636,0.051889
15.620000,0.046533,-0.688740,0.239933,0.021084,-0.990647,-12.076213,0.147292,-0.000175,0.043315
15.640000,0.113778,-0.042665,0.088315,-1.040525,0.007010,-8.165336,0.139116,-0.012188,-0.002353
15.660000,0.127117,-0.432593,0.073769,4.202240,2.023191,-10.541438,0.111051,-0.002909,0.030193
15.680000,-0.163879,-0.785752,0.189327,-4.047494,-2.474378,-9.640775,0.186566,0.046044,0.015195
15.700000,0.295884,0.089461,0.121820,1.280851,-1.256704,-12.651842,0.099809,0.005811,0.018275
15.720000,0.642492,1.091362,0.191133,4.447374,2.128510,-8.369586,0.120966,-0.013204,-0.038708
15.740000,-1.054257,0.420893,0.608074,0.172361,-1.159419,-6.945456,0.202379,0.037803,-0.010226
15.760000,-0.384921,-0.244116,0.505581,1.418658,-1.966632,-11.774991,0.193446,0.024405,0.046429
15.780000,-0.088003,-0.165609,0.053765,-2.186611,0.415351,-12.155042,0.210407,-0.007681,0.006663
15.800000,-0.178701,-0.065621,0.203799,0.000271,0.027557,-7.929559,0.156461,0.007711,-0.040632
15.820000,1.287544,-0.711925,-0.138087,0.430601,-0.437695,-9.302581,0.146688,0.015033,-0.003384
15.840000,-0.362993,-0.448481,0.184503,0.255269,-1.183716,-11.024389,0.148031,0.016931,0.006340
15.860000,0.442365,1.162356,0.370514,3.035888,1.529781,-10.838819,0.147952,0.001367,-0.018184
15.880000,0.093297,1.820572,0.246918,-2.517985,0.802912,-5.687974,0.201811,0.041030,-0.039090
15.900000,-0.915851,0.248110,0.451009,2.594040,-1.798886,-9.683945,0.138476,0.067685,0.042634
15.920000,-0.241645,-0.403002,0.182055,1.038391,-1.363073,-12.432878,0.176086,0.037453,0.044551
15.940000,-0.075339,-0.111124,0.014386,-1.448885,0.475411,-7.277738,0.183513,0.014123,-0.008400
15.960000,1.025026,-0.764988,-0.127533,3.021509,1.270951,-12.320316,0.142304,0.027567,0.041824
15.980000,-0.508574,-0.510887,0.183729,-5.180814,-4.354832,-9.396501,0.193295,0.061186,-0.008781
16.000000,0.361096,-0.268401,-0.018026,2.408099,1.027529,-9.567643,0.083014,-0.018612,-0.000760
16.020000,0.137394,0.626889,0.040511,2.016431,-1.519023,-10.730690,0.126260,0.009011,0.003898
16.040000,0.259550,1.705207,0.091171,1.159165,-0.027258,-7.628743,0.160569,-0.012585,-0.014805
16.060000,-0.337409,-0.483719,0.333020,0.483992,-1.886682,-10.529403,0.172368,-0.003225,0.028239
16.080000,0.133079,-0.190038,0.142265,-2.627702,0.418602,-11.248309,0.170722,-0.032999,0.013362
16.100000,-0.122059,-0.078974,0.073380,0.482781,0.483589,-8.668763,0.108056,-0.016416,-0.015837
16.120000,0.238575,-0.246925,-0.373238,5.275375,2.583459,-9.685502,0.108109,0.001433,0.006582
16.140000,-0.507289,-0.631953,-0.049545,-2.103351,-1.051526,-10.512386,0.204359,0.061651,0.008667
16.160000,0.388623,0.299815,-0.223871,-2.534425,-3.824341,-10.625851,0.155383,0.048101,-0.005645
16.180000,0.466816,0.963414,-0.170064,1.055475,0.655272,-7.179636,0.097843,-0.021871,-0.022190
16.200000,0.013332,-0.341311,0.412925,0.850598,-1.218756,-8.763704,0.108425,0.000272,0.029926
16.220000,0.271381,-0.522224,0.050044,0.340573,-0.268398,-11.566850,0.112930,-0.014723,0.050228
16.240000,-0.179849,-0.200098,0.169363,-0.102325,2.245782,-11.584348,0.109790,-0.009535,0.014554
16.260000,-0.026704,0.227565,-0.173859,2.069093,-0.511620,-8.309107,0.098909,0.045141,-0.021375
16.280000,-0.298588,-1.122601,0.070945,-0.237205,0.050395,-9.853271,0.130680,0.044326,0.008181
16.300000,-0.641485,-0.583252,0.195635,0.676956,-0.784107,-10.953315,0.118744,0.053703,0.007005
16.320000,0.385544,1.057897,0.319571,2.147730,-1.404591,-11.620304,0.128365,0.043610,-0.015980
16.340000,0.306559,1.936383,0.199374,-1.686974,-1.853327,-4.465829,0.165527,0.021919,-0.052376
16.360000,-0.226652,-0.594774,0.592607,1.684905,-1.761550,-10.748987,0.119505,-0.007193,0.053961
16.380000,0.705436,-0.724966,0.254121,-0.857992,0.262435,-12.020440,0.141147,-0.035815,0.034699
16.400000,-0.455825,0.225988,0.336676,0.644794,1.873203,-8.847071,0.114650,-0.022651,-0.009892
16.420000,0.389394,-0.223748,-0.301574,3.655765,1.303393,-9.218640,0.119010,0.023139,0.009004
16.440000,-0.420470,-0.895112,0.105923,-4.075007,-2.376677,-10.697684,0.181742,0.056831,0.020408
16.460000,-0.198784,-0.447179,0.189813,-0.557968,-2.823502,-10.426174,0.092789,0.015889,0.002402
16.480000,0.476261,0.834365,0.241154,3.570574,2.360176,-10.952425,0.076747,-0.035461,-0.010049
16.500000,0.370023,1.248340,0.107508,2.005162,-1.288175,-5.196897,0.141017,0.018977,-0.033161
16.520000,0.023620,-0.379115,0.171783,-0.956265,-1.136007,-10.878017,0.170053,0.002533,0.058567
16.540000,-0.437160,-0.180217,0.005761,0.059609,-0.697248,-12.868582,0.139739,-0.011025,0.036673
16.560000,0.255280,-0.108299,-0.027851,0.677866,0.156396,-7.822934,0.131100,-0.017357,-0.024893
16.580000,0.289286,-0.499988,-0.424296,3.219400,1.401291,-9.958028,0.135401,-0.006117,0.014462
16.600000,-0.454721,-0.672461,-0.148044,-2.409423,-0.950549,-10.182126,0.189876,0.030326,0.011070
16.620000,-0.197524,0.003631,0.204771,-1.964956,-2.844632,-10.968112,0.134735,0.018761,0.003363
16.640000,0.668231,0.927762,-0.262661,2.660926,0.805756,-6.542590,0.089285,-0.032485,-0.019977
16.660000,-0.108057,-0.271956,0.358538,0.274628,-1.148502,-9.334162,0.133175,-0.008443,0.044989
16.680000,0.357929,-0.602117,0.397501,-0.180668,-0.873176,-11.413644,0.125789,-0.022596,0.053884
16.700000,-0.156329,-0.215229,-0.029302,-2.216783,1.433631,-12.396008,0.111697,-0.030566,0.021301
16.720000,-0.533448,0.282567,-0.053441,1.957119,0.941697,-7.720434,0.058591,0.007918,-0.030861
16.740000,-0.168497,-0.969560,-0.308279,2.877291,1.319305,-9.807259,0.088387,0.035485,0.010513
16.760000,-0.405624,-0.668699,-0.058626,-1.325943,-3.151509,-9.765349,0.136981,0.069425,0.010218
16.780000,-0.107381,0.440805,0.089720,-0.156988,-1.027634,-12.096252,0.106246,0.011115,0.011009
16.800000,0.315432,1.325311,0.028111,0.506557,-1.642451,-5.268978,0.097666,-0.004144,-0.034863
16.820000,0.413057,-0.699798,0.209127,0.794986,-1.849146,-10.592422,0.098242,-0.029951,0.055598
16.840000,0.481508,-0.695754,0.398679,-1.137765,1.597368,-12.159443,0.102231,-0.058359,0.039400
16.860000,-0.639150,-0.031939,0.370591,1.032249,2.405546,-11.112046,0.070734,-0.016469,-0.008036
16.880000,-0.350057,0.443743,0.201673,2.904324,-0.134217,-8.015214,0.083231,0.040467,-0.034445
16.900000,-0.415474,-1.408159,-0.080867,-0.446401,-0.798546,-9.231387,0.131770,0.045014,0.001085
16.920000,-0.024546,-0.347805,0.028230,-0.706759,-2.258760,-11.492669,0.116108,0.034902,0.012454
16.940000,0.376605,0.734660,0.174967,2.569190,-0.212531,-10.868044,0.098742,-0.006618,-0.021260
16.960000,0.486029,1.565982,-0.012080,1.236660,-0.324493,-3.905710,0.144870,-0.005314,-0.042570
16.980000,-0.358503,-0.482926,0.282952,0.690433,-1.741749,-11.569183,0.159184,-0.004217,0.075092
17.000000,-0.104399,-0.171360,0.160074,-2.186702,0.618803,-12.223972,0.161699,-0.032762,0.039482
17.020000,0.003866,-0.126332,0.022487,0.252967,0.517372,-8.221557,0.108008,-0.014456,-0.009140
17.040000,-0.085785,-0.017731,-0.174840,3.760544,1.007212,-9.495253,0.103688,0.001914,0.022312
17.060000,-0.344687,-1.214443,0.071545,0.382257,0.437123,-12.226771,0.169052,0.028525,0.028253
17.080000,0.602756,0.333576,-0.135893,-3.077116,-3.880188,-9.533988,0.170354,0.043373,-0.020280
17.100000,0.389460,0.897453,-0.205884,3.490607,2.304573,-11.185480,0.104386,-0.029747,-0.014861
17.120000,0.241269,1.374332,-0.306362,0.404369,-0.612169,-4.557729,0.166130,0.023297,-0.042660
17.140000,-0.180949,-0.314401,0.378974,0.422441,-1.744236,-11.219021,0.161639,0.020008,0.061777
17.160000,-0.362778,-0.093353,0.060559,-2.172830,0.425586,-12.700850,0.158699,-0.007345,0.033121
17.180000,-0.347698,0.141832,0.067036,-0.227444,-0.741879,-8.174521,0.104875,0.007668,-0.025078
17.200000,-0.375982,-0.713393,-0.381102,3.586410,1.590193,-9.251542,0.089717,-0.001376,0.007259
17.220000,-0.123027,-0.675762,0.159110,-2.469115,-3.327615,-10.434601,0.151873,0.036317,0.018106
17.240000,0.181975,0.068917,0.235933,0.718886,0.995985,-11.858542,0.096269,-0.025924,0.005468
17.260000,0.496284,1.246550,-0.079770,2.174916,1.592916,-5.156120,0.104653,-0.000929,-0.035660
17.280000,-0.422629,-0.253485,0.375973,1.502088,-2.039917,-9.881745,0.139122,0.038432,0.057066
17.300000,0.092089,-0.356578,0.339346,-2.140312,-0.300532,-11.976402,0.156718,0.004958,0.055099
17.320000,-0.428775,0.063822,0.158073,-2.068895,0.432516,-12.459626,0.103346,0.006091,0.011356
17.340000,-0.361077,0.276271,0.270752,1.070501,-0.269685,-6.945397,0.051843,0.020881,-0.041994
17.360000,-0.522983,-1.104768,-0.003887,2.544284,0.486011,-10.656687,0.062318,0.020501,0.014929
17.380000,-0.046217,-0.269251,0.378239,1.695900,-0.339991,-10.481592,0.105597,0.035705,-0.002229
17.400000,0.102392,0.725414,0.588262,-1.904612,-2.426543,-10.960898,0.134920,0.033396,-0.015766
17.420000,0.501549,1.359786,0.026146,1.212526,-1.077967,-5.402089,0.091404,-0.010006,-0.038926
17.440000,0.333075,-0.691454,0.215752,0.841292,-1.995404,-10.358536,0.105272,-0.024530,0.048831
17.460000,0.433009,-0.504920,0.308128,-1.238360,1.093360,-11.229250,0.111392,-0.056326,0.037400
17.480000,-0.162129,-0.027883,0.337243,0.767426,2.356317,-11.115233,0.078405,-0.024948,0.008612
17.500000,0.053378,0.367014,0.122509,5.287062,1.808060,-7.590027,0.086067,0.031541,-0.017867
17.520000,-0.806809,-0.786723,0.132328,-4.205691,-2.860691,-10.856550,0.182816,0.077078,0.026102
17.540000,-0.410841,-0.584137,0.383485,-0.946002,-1.246925,-11.003032,0.090285,0.027794,0.004830
17.560000,0.491496,0.724002,0.214955,3.262556,1.205595,-10.738400,0.066096,0.008685,-0.019188
17.580000,0.263817,1.279729,0.169976,3.113597,-1.569744,-4.140801,0.125746,0.038936,-0.037932
17.600000,-0.366911,-0.348807,0.164813,0.283710,-1.487131,-11.206340,0.178360,0.015850,0.075038
17.620000,-0.354894,-0.237336,0.119205,-2.230145,0.360632,-12.387640,0.172303,-0.005849,0.046595
17.640000,-0.255650,0.050163,0.047216,0.597108,-0.958240,-13.430099,0.117472,0.008088,-0.005340
17.660000,1.686300,-1.145405,-0.491476,1.129917,0.568055,-4.459073,0.119396,-0.005335,-0.078082
17.680000,-0.380481,-1.316720,-0.048392,1.416259,1.322469,-10.556343,0.132057,0.012372,0.028582
17.700000,0.441899,0.033699,-0.242144,0.145413,-1.547066,-13.004216,0.154237,0.044489,0.013477
17.720000,0.653924,1.465815,0.047282,-1.707171,-3.306735,-8.636929,0.154319,0.017383,-0.050465
17.740000,0.659134,1.493226,0.074064,0.769481,-0.188042,-6.180515,0.113762,-0.042169,-0.027219
17.760000,0.058067,-0.671220,0.669835,1.541310,-1.864395,-10.740517,0.116090,-0.036855,0.044725
17.780000,0.587316,-0.826569,0.345127,-2.037528,0.706083,-12.267169,0.136074,-0.065680,0.025632
17.800000,-0.630726,0.384121,0.233558,2.305561,3.331747,-9.114526,0.087478,-0.041766,-0.023913
17.820000,0.221119,0.456012,0.031552,3.951353,0.452869,-8.152311,0.125670,0.034335,-0.010392
17.840000,-0.514636,-0.824299,0.288830,-5.100265,-3.547108,-11.058651,0.194446,0.053284,0.022244
17.860000,-0.118759,-0.503862,0.336804,0.766280,0.504115,-9.705616,0.083617,-0.009158,-0.003112
