time_s,phase,amp_rad,freq_hz,motor_idx,signal,command_rad,actual_rad
1.8700000055105193e-06,1.174955655904944e-05,0.3,1.0,0,1.1749556558779097e-05,3.524866967633729e-06,-0.005711986642890533
0.019321106000006694,0.12139808933770141,0.3,1.0,0,0.12110012500695538,0.03633003750208661,-0.005711986642890533
0.038374493999981496,0.24111405687113494,0.3,1.0,0,0.23878460443932206,0.07163538133179662,-0.005711986642890533
0.05740612400001055,0.3606933148589957,0.3,1.0,0,0.35292301973089546,0.10587690591926864,-0.011423973285781066
0.0764322859999993,0.48023821638934355,0.3,1.0,0,0.46199045916505255,0.13859713774951576,0.022847946571562132
0.09544085400000313,0.5996725715574917,0.3,1.0,0,0.5643722047774417,0.16931166143323248,0.022847946571562132
0.11445357100001274,0.7191329956615156,0.3,1.0,0,0.6587326053957051,0.19761978161871152,0.022847946571562132
0.1335189170000035,0.8389240975249527,0.3,1.0,0,0.7439245642162928,0.22317736926488785,0.022847946571562132
0.15253094899998132,0.9583802176468413,0.3,1.0,0,0.8182615165004765,0.24547845495014295,0.1770715859296065
0.17153388799999902,1.0777792047649826,0.3,1.0,0,0.8809089090832164,0.2642726727249649,0.1770715859296065
0.19053943799997342,1.1971945972796887,0.3,1.0,0,0.9310188601665819,0.27930565804997454,0.2284794657156213
0.2095679139999902,1.3167540381010134,0.3,1.0,0,0.9679044301557617,0.29037132904672847,0.2284794657156213
0.22857557600002565,1.436182700703472,0.3,1.0,0,0.9909532594245232,0.29728597782735694,0.2284794657156213
0.2475805889999947,1.5555947191476345,0.3,1.0,0,0.9998844577875384,0.2999653373362615,0.2513274122871834
0.266588712999976,1.6750262845813646,0.3,1.0,0,0.9945729738351685,0.29837189215055054,0.26846337221585503
0.285618004000014,1.7945908461988482,0.3,1.0,0,0.9750623491169546,0.29251870473508634,0.2913113187874172
0.3046231469999725,1.9140036814570343,0.3,1.0,0,0.9416802068695931,0.2825040620608779,0.2913113187874172
0.3236325299999976,2.0334431574213414,0.3,1.0,0,0.8948743047102745,0.26846229141308237,0.2913113187874172
0.3426402470000198,2.1528721655989087,0.3,1.0,0,0.8353232391759059,0.25059697175277174,0.2913113187874172
0.3616637229999924,2.27240019049342,0.3,1.0,0,0.7638079666332718,0.22914238998998152,0.2970233054303077
0.380662626000003,2.391773818675617,0.3,1.0,0,0.6815061923613729,0.20445185770841187,0.2970233054303077
0.3996658049999837,2.511174313757999,0.3,1.0,0,0.5894827364717367,0.17684482094152099,0.26846337221585503
0.4186704109999937,2.6305837749459986,0.3,1.0,0,0.4890574915865982,0.14671724747597947,0.2513274122871834
0.43769749799997726,2.7501344884227232,0.3,1.0,0,0.3815366806321077,0.11446100418963231,0.2513274122871834
0.4567417889999774,2.8697932978195766,0.3,1.0,0,0.2684651706810334,0.08053955120431003,0.2513274122871834
0.47575452400002405,2.989253835021169,0.3,1.0,0,0.1517502778039792,0.04552508334119376,0.2513274122871834
0.4947660749999727,3.1087069329307417,0.3,1.0,0,0.03287979348942729,0.009863938046828186,0.11423973285781065
0.5137874769999939,3.2282219264992316,0.3,1.0,0,-0.0865209601063964,-0.02595628803191892,0.11423973285781065
0.532795249000003,3.347651280251908,0.3,1.0,0,-0.20460350570536343,-0.06138105171160903,0.11423973285781065
0.5518240580000224,3.4672128133739566,0.3,1.0,0,-0.3198964192865021,-0.09596892578595062,0.005711986642890533
0.5710450319999723,3.587981754800122,0.3,1.0,0,-0.4317112821592744,-0.1295133846477823,-0.034271919857343194
0.5902093029999946,3.7083944207702704,0.3,1.0,0,-0.5369366981317306,-0.16108100943951917,-0.034271919857343194
0.6093559999999911,3.828696666041668,0.3,1.0,0,-0.6343009972526926,-0.19029029917580778,-0.09139178628624853
0.6284738080000238,3.9488173963729536,0.3,1.0,0,-0.722370852077277,-0.2167112556231831,-0.13137569278648226
0.647603413000013,4.069012249441035,0.3,1.0,0,-0.8000746205216454,-0.2400223861564936,-0.13137569278648226
0.6667484800000238,4.189304253120472,0.3,1.0,0,-0.866282313518422,-0.2598846940555266,-0.18278357257249706
0.6858926030000134,4.309590325472845,0.3,1.0,0,-0.9199675407804873,-0.2759902622341462,-0.21134350578694971
0.7051149100000202,4.4303676423853835,0.3,1.0,0,-0.9604948671744016,-0.2881484601523205,-0.21134350578694971
0.7242379959999994,4.550521535368384,0.3,1.0,0,-0.9869280441541315,-0.29607841324623946,-0.21134350578694971
0.7433851000000118,4.670826337896301,0.3,1.0,0,-0.9991363977048124,-0.2997409193114437,-0.2627513855729645
0.7625219450000031,4.79106668122602,0.3,1.0,0,-0.9969065059630892,-0.29907195178892676,-0.2627513855729645
0.7816130690000023,4.911019751040358,0.3,1.0,0,-0.9803376829249122,-0.29410130487747366,-0.2627513855729645
0.8007535429999848,5.031282896049501,0.3,1.0,0,-0.9495827744986151,-0.2848748323495845,-0.27417535885874555
0.8198757220000061,5.151431090183693,0.3,1.0,0,-0.9051592513183159,-0.27154777539549474,-0.27417535885874555
0.8389185679999969,5.271080820377718,0.3,1.0,0,-0.8479492624092404,-0.2543847787227721,-0.27417535885874555
0.8579318220000118,5.390544618552286,0.3,1.0,0,-0.7787311174246695,-0.23361933522740083,-0.27417535885874555
0.8769702609999968,5.510166658748626,0.3,1.0,0,-0.6982991835798295,-0.20948975507394882,-0.2798873455016361
0.895977237000011,5.6295910110858305,0.3,1.0,0,-0.608043851275891,-0.18241315538276728,-0.2627513855729645
0.9149876390000031,5.749036889615758,0.3,1.0,0,-0.5091082649956857,-0.15273247949870572,-0.2627513855729645
0.9339968740000018,5.868475435668474,0.3,1.0,0,-0.4029244121049667,-0.12087732363149001,-0.2627513855729645
0.9531022200000052,5.988517864944278,0.3,1.0,0,-0.29042164207066734,-0.0871264926212002,-0.2627513855729645
0.972159492000003,6.108258236369589,0.3,1.0,0,-0.17403632182179174,-0.05221089654653752,-0.2627513855729645
0.9911675609999975,6.227689456228211,0.3,1.0,0,-0.055467369414662356,-0.016640210824398705,-0.2627513855729645
1.0101746849999813,6.347114738476649,0.3,1.0,0,0.06388589389356022,0.019165768168068066,-0.09710377292913905
1.0292126790000111,6.46673398265581,0.3,1.0,0,0.1825197808157952,0.05475593424473856,-0.09710377292913905
1.048215674000005,6.586133321632179,0.3,1.0,0,0.29833526420801254,0.08950057926240376,-0.09710377292913905
1.0672154920000025,6.70551269892885,0.3,1.0,0,0.40988446243886084,0.12296533873165824,-0.09710377292913905
1.0862280179999857,6.8249719229443135,0.3,1.0,0,0.5156675661297795,0.15470026983893384,-0.09710377292913905
1.1052476369999908,6.9444757135933,0.3,1.0,0,0.6141357522675324,0.1842407256802597,-0.09710377292913905
1.1242504040000085,7.063873620003568,0.3,1.0,0,0.7037685834687908,0.21113057504063723,0.11423973285781065
1.143250911999985,7.183257332697968,0.3,1.0,0,0.7833716793758178,0.23501150381274533,0.11423973285781065
1.162252790000025,7.302649653356639,0.3,1.0,0,0.8518275567446286,0.25554826702338856,0.11423973285781065
1.1812688169999888,7.422130874803742,0.3,1.0,0,0.9081926659106602,0.27245779977319806,0.11423973285781065
1.2002691389999995,7.5415134188258905,0.3,1.0,0,0.9515777194549999,0.2854733158365,0.22276747907273076
1.2192974060000097,7.661071546461445,0.3,1.0,0,0.9814504818788103,0.2944351445636431,0.23990343900140237
1.238304487999983,7.780496564816034,0.3,1.0,0,0.9973011871116286,0.2991903561334886,0.23990343900140237
1.2573333660000117,7.900058531477928,0.3,1.0,0,0.9989386475562185,0.2996815942668655,0.2513274122871834
1.2763469480000253,8.019524390537269,0.3,1.0,0,0.9863290610282593,0.2958987183084778,0.2913113187874172
1.295360770000002,8.13899175756085,0.3,1.0,0,0.9596588062864837,0.2878976418859451,0.2913113187874172
1.314370537000002,8.258433646268157,0.3,1.0,0,0.9193181765928454,0.27579545297785363,0.2913113187874172
1.333387340999991,8.377919749750403,0.3,1.0,0,0.8658556838367121,0.2597567051510136,0.2913113187874172
1.3523967749999883,8.497359546156986,0.3,1.0,0,0.8000739118953201,0.240022173568596,0.2913113187874172
1.3713962639999977,8.616736856285765,0.3,1.0,0,0.7229351302022097,0.2168805390606629,0.2913113187874172
1.3903953829999978,8.736111841635923,0.3,1.0,0,0.6355078659486905,0.19065235978460712,0.2798873455016361
1.4094209830000182,8.855653212016326,0.3,1.0,0,0.5388949672532043,0.16166849017596127,0.2627513855729645
1.4284234169999763,8.975049026125513,0.3,1.0,0,0.43472143811988445,0.13041643143596532,0.22276747907273076
1.4474658319999776,9.094696048266737,0.3,1.0,0,0.32412052000363695,0.09723615600109108,0.22276747907273076
1.4665076349999708,9.214339225098502,0.3,1.0,0,0.20888897681872645,0.06266669304561794,0.15993562600093492
1.4855531800000108,9.334005913609982,0.3,1.0,0,0.09064744481368105,0.027194233444104314,0.15993562600093492
1.5045616319999908,9.453439539928485,0.3,1.0,0,-0.028657655138709996,-0.008597296541612998,0.15993562600093492
1.523566250999977,9.572849082797745,0.3,1.0,0,-0.14753063690758858,-0.04425919107227657,0.10281575957202958
1.5425723879999964,9.69226816354251,0.3,1.0,0,-0.26431172962406524,-0.07929351888721957,0.03998390650023373
1.5616041370000175,9.811848169229373,0.3,1.0,0,-0.3774769965545872,-0.11324309896637616,0.03998390650023373
1.5806190889999812,9.93132263625227,0.3,1.0,0,-0.48515872315269554,-0.14554761694580864,-0.034271919857343194
1.5996301519999747,10.050772667967696,0.3,1.0,0,-0.5859036541999728,-0.17577109625999185,-0.06854383971468639
1.6186423259999856,10.170229680302105,0.3,1.0,0,-0.6783037948379436,-0.20349113845138306,-0.1256637061435917
1.6376664269999992,10.289761632187691,0.3,1.0,0,-0.7610846721567885,-0.22832540164703655,-0.1256637061435917
1.6566710270000158,10.40917105567662,0.3,1.0,0,-0.8329364015453866,-0.24988092046361599,-0.18849555921538758
1.6756743500000084,10.52857245553776,0.3,1.0,0,-0.8929221081618657,-0.2678766324485597,-0.20563151914405917
1.6946982829999797,10.648103351847949,0.3,1.0,0,-0.9402369183303206,-0.28207107549909616,-0.20563151914405917
1.713727031000019,10.767664501695819,0.3,1.0,0,-0.9741407895286677,-0.2922422368586003,-0.21705549242984024
1.7327352980000228,10.88709696562519,0.3,1.0,0,-0.9941221026348764,-0.2982366307904629,-0.2456154256442929
1.7517361949999781,11.006483122478542,0.3,1.0,0,-0.9999404992504726,-0.29998214977514176,-0.26846337221585503
1.7707347580000032,11.125854614377825,0.3,1.0,0,-0.9915255148291217,-0.2974576544487365,-0.26846337221585503
1.789817228000004,11.245753309506526,0.3,1.0,0,-0.9688681154473082,-0.29066043463419244,-0.27417535885874555
1.808829736000007,11.365212420424779,0.3,1.0,0,-0.9324581413020226,-0.27973744239060677,-0.2798873455016361
1.8278268920000187,11.48457507188225,0.3,1.0,0,-0.8828026748250616,-0.26484080244751845,-0.2798873455016361
1.8468391409999754,11.604032555455218,0.3,1.0,0,-0.8205302515270381,-0.24615907545811141,-0.2798873455016361
1.8658480189999977,11.723468858410929,0.3,1.0,0,-0.7465767964627444,-0.22397303893882334,-0.2798873455016361
1.8848471379999978,11.842843843761086,0.3,1.0,0,-0.6620320120704153,-0.1986096036211246,-0.2798873455016361
1.9038721449999798,11.962381488212362,0.3,1.0,0,-0.5679303399365407,-0.1703791019809622,-0.2798873455016361
1.922869134999985,12.08174309666103,0.3,1.0,0,-0.4658788013532648,-0.13976364040597944,-0.23990343900140237
1.9418779939999808,12.201179280236053,0.3,1.0,0,-0.3571280176928159,-0.10713840530784476,-0.18849555921538758
1.9609350009999957,12.320917986617365,0.3,1.0,0,-0.24299541099374036,-0.0728986232981221,-0.11995171950070119
1.9799429349999969,12.44034835824601,0.3,1.0,0,-0.12568894819634918,-0.03770668445890475,-0.11995171950070119
1.9989492949999885,12.559768840140924,0.3,1.0,0,-0.006601726263700609,-0.0019805178791101824,-0.11423973285781065
2.0179468029999725,12.67913370327945,0.3,1.0,0,0.11252426736430288,0.03375728020929086,-0.07425582635757692
2.0369716440000047,12.79867030472228,0.3,1.0,0,0.2302160499490914,0.06906481498472741,-0.07425582635757692
2.0559734849999813,12.918062392902696,0.3,1.0,0,0.34448652659103357,0.10334595797731007,0.0
2.0749749130000055,13.037451886127878,0.3,1.0,0,0.45385004806545165,0.13615501441963548,0.0
2.0939675259999717,13.156785993074214,0.3,1.0,0,0.5567061299772992,0.16701183899318975,0.0
2.112995545999979,13.276342568762981,0.3,1.0,0,0.6518125020542466,0.19554375061627396,0.0
2.132016916999987,13.395857367552644,0.3,1.0,0,0.7375848961027278,0.22127546883081833,0.0
2.1510174929999835,13.51524150750377,0.3,1.0,0,0.8127582040604856,0.24382746121814566,0.1942075458582781
2.1701015489999804,13.635150167764344,0.3,1.0,0,0.8766138851491734,0.262984165544752,0.1942075458582781
2.1891365320000205,13.754750493272608,0.3,1.0,0,0.927765615128892,0.2783296845386676,0.21134350578694971
2.208141033000004,13.874159294725985,0.3,1.0,0,0.9656124009484626,0.28968372028453876,0.23419145235851183
2.2271437570000217,13.993556930959285,0.3,1.0,0,0.9897057929139449,0.29691173787418346,0.23419145235851183
2.2461419250000176,14.112925941000189,0.3,1.0,0,0.9997062013431721,0.29991186040295165,0.2513274122871834
2.2651674449999746,14.23246680872537,0.3,1.0,0,0.9954624034093436,0.29863872102280303,0.26846337221585503
2.2841656510000234,14.351836057527647,0.3,1.0,0,0.9770469338947096,0.2931140801684129,0.2970233054303077
2.3031768559999932,14.471286981455236,0.3,1.0,0,0.9446992475728594,0.2834097742718578,0.2970233054303077
2.3221747090000235,14.590654012292985,0.3,1.0,0,0.8989248751040589,0.26967746253121766,0.2970233054303077
2.3412001730000043,14.710194528159938,0.3,1.0,0,0.8402633361311395,0.2520790008393418,0.2970233054303077
2.3602107300000057,14.829641380583647,0.3,1.0,0,0.7696685827915305,0.23090057483745913,0.2970233054303077
2.3792116579999742,14.949027732215827,0.3,1.0,0,0.6881494929205344,0.20644484787616033,0.2970233054303077
2.3982091589999754,15.068392551372163,0.3,1.0,0,0.5968510599334329,0.17905531798002985,0.2627513855729645
2.4172256420000053,15.187876637952181,0.3,1.0,0,0.4969553151519061,0.14908659454557183,0.2456154256442929
2.4362242180000067,15.307248211532723,0.3,1.0,0,0.39007685327013747,0.11702305598104124,0.2456154256442929
2.455268423000007,15.42690648057564,0.3,1.0,0,0.27737112531042596,0.08321133759312778,0.2456154256442929
2.4742807580000203,15.546364504502902,0.3,1.0,0,0.16089634522330426,0.048268903566991275,0.13708767942937278
2.4933792400000243,15.666363805994761,0.3,1.0,0,0.041587464908526474,0.012476239472557943,0.13708767942937278
2.5125384429999826,15.78674462878137,0.3,1.0,0,-0.07869989332830496,-0.023609967998491486,0.11995171950070119
2.5316479069999787,15.906812932214223,0.3,1.0,0,-0.1975417939899898,-0.059262538196996936,0.06854383971468639
2.55076335199999,16.026918815378494,0.3,1.0,0,-0.3135749578466202,-0.09407248735398606,0.06854383971468639
2.5699218149999865,16.147294988608216,0.3,1.0,0,-0.4253347431542655,-0.12760042294627966,0.06854383971468639
2.5890393710000126,16.267414135576765,0.3,1.0,0,-0.5307208626466645,-0.15921625879399934,-0.03998390650023373
2.6081524080000236,16.387504888830815,0.3,1.0,0,-0.6284365348755353,-0.18853096046266057,-0.03998390650023373
2.6272921489999703,16.5077634282649,0.3,1.0,0,-0.7172168469276375,-0.21516505407829126,-0.03998390650023373
2.646363168999983,16.62759018092191,0.3,1.0,0,-0.7953755410289793,-0.2386126623086938,-0.03998390650023373
2.6655512419999923,16.74815239926866,0.3,1.0,0,-0.8624999539236905,-0.25874998617710715,-0.18849555921538758
2.68468790899999,16.868391624191435,0.3,1.0,0,-0.9169740842351477,-0.2750922252705443,-0.21134350578694971
2.703821742999992,16.988613048850258,0.3,1.0,0,-0.9582019600990124,-0.2874605880297037,-0.21134350578694971
2.722950594999986,17.108803170679835,0.3,1.0,0,-0.985592138253024,-0.2956776414759072,-0.2284794657156213
2.7420954840000036,17.229094055952327,0.3,1.0,0,-0.9987669206257581,-0.2996300761877274,-0.257039398930074
2.7612575030000244,17.349492572189153,0.3,1.0,0,-0.9974994657582266,-0.29924983972746794,-0.2798873455016361
2.780358724999985,17.46950908960848,0.3,1.0,0,-0.981862410541831,-0.2945587231625493,-0.2798873455016361
2.7994790959999705,17.58964592374341,0.3,1.0,0,-0.9520628135384241,-0.2856188440615272,-0.2798873455016361
2.818586986000014,17.709704337442886,0.3,1.0,0,-0.9085715084428849,-0.27257145253286547,-0.27417535885874555
2.837771540999995,17.830244451543546,0.3,1.0,0,-0.8517474668359778,-0.2555242400507933,-0.27417535885874555
2.8569332260000238,17.95064086919653,0.3,1.0,0,-0.7826520344491913,-0.23479561033475738,-0.27417535885874555
2.8760852820000196,18.070976786057983,0.3,1.0,0,-0.7022685978080794,-0.21068057934242382,-0.2798873455016361
2.8951938559999917,18.191039497455762,0.3,1.0,0,-0.6119441642198924,-0.18358324926596772,-0.27417535885874555
2.914307172000008,18.311132003718544,0.3,1.0,0,-0.5127835342788534,-0.153835060283656,-0.27417535885874555
2.9334691720000023,18.431530400574683,0.3,1.0,0,-0.40595678441986843,-0.12178703532596052,-0.21134350578694971
2.9526543569999717,18.552074473082012,0.3,1.0,0,-0.2931132077590845,-0.08793396232772535,-0.21134350578694971
2.9717862269999955,18.67228355756503,0.3,1.0,0,-0.17634534326332985,-0.05290360297899895,-0.21134350578694971
2.990856913000016,18.792108211638194,0.3,1.0,0,-0.05741611658194318,-0.017224834974582954,-0.21134350578694971
1.241000006757531e-06,1.5594866017337374e-05,0.3,2.0,0,1.5594866016705264e-05,4.678459805011579e-06,-0.011423973285781066
0.020257391000029656,0.2545618829863566,0.3,2.0,0,0.2518214346858078,0.07554643040574234,-0.005711986642890533
0.03945206800000278,0.49576930799093477,0.3,2.0,0,0.4757084775943043,0.14271254327829128,-0.005711986642890533
0.058589136000023245,0.7362527969513852,0.3,2.0,0,0.671515992457835,0.2014547977373505,-0.005711986642890533
0.07768933300002345,0.976272951260659,0.3,2.0,0,0.828415556949533,0.24852466708485987,-0.005711986642890533
0.09686091899999383,1.2171902062013464,0.3,2.0,0,0.9381300768380028,0.28143902305140084,0.15993562600093492
0.11604670799999894,1.458285941304306,0.3,2.0,0,0.9936773804209832,0.2981032141262949,0.15993562600093492
0.13517747899999222,1.6986902998286562,0.3,2.0,0,0.9918327075520696,0.2975498122656209,0.2513274122871834
0.15428984300001503,1.938863349169479,0.3,2.0,0,0.9330245979351708,0.2799073793805512,0.28559933214452665
0.1734445029999847,2.179567905721139,0.3,2.0,0,0.820351121697083,0.2461053365091249,0.28559933214452665
0.1927659390000258,2.422368231299277,0.3,2.0,0,0.658801389947763,0.1976404169843289,0.2913113187874172
0.2118216730000313,2.661829647071991,0.3,2.0,0,0.4615689505598855,0.13847068516796565,0.2970233054303077
0.23084440799999584,2.900876385180287,0.3,2.0,0,0.23839830409845775,0.07151949122953732,0.2970233054303077
0.24992221700000528,3.1406152035843626,0.3,2.0,0,0.0009774498497866007,0.0002932349549359802,0.2970233054303077
0.2690405069999997,3.3808627212370896,0.3,2.0,0,-0.23699355215271664,-0.07109806564581499,0.13137569278648226
0.28813716700000214,3.6208384282935286,0.3,2.0,0,-0.46111005025361695,-0.1383330150760851,0.13137569278648226
0.30728075299998636,3.861403824857188,0.3,2.0,0,-0.6592426976937122,-0.19777280930811367,0.13137569278648226
0.32639983900003244,4.101661345341573,0.3,2.0,0,-0.8192309624607904,-0.2457692887382371,-0.045695893143124264
0.34546973999999864,4.3413007888862865,0.3,2.0,0,-0.9319332868322773,-0.27957998604968315,-0.045695893143124264
0.36461460399999623,4.581882245271759,0.3,2.0,0,-0.9914960762388351,-0.29744882287165053,-0.045695893143124264
0.38376715300000797,4.82256027421558,0.3,2.0,0,-0.9939372790289703,-0.29818118370869107,-0.2456154256442929
0.4028656460000093,5.062559015429342,0.3,2.0,0,-0.9393143946241256,-0.2817943183872377,-0.257039398930074
0.4220242690000191,5.303313372508251,0.3,2.0,0,-0.8304260284062593,-0.2491278085218778,-0.27417535885874555
0.44119735399999627,5.5442494644385745,0.3,2.0,0,-0.6735016833070376,-0.20205050499211127,-0.27417535885874555
0.4602921809999998,5.784202137337691,0.3,2.0,0,-0.47853293849336465,-0.1435598815480094,-0.27417535885874555
0.479374971000027,6.0240035488340204,0.3,2.0,0,-0.25628972538564965,-0.0768869176156949,-0.27417535885874555
0.4985209090000353,6.264598501501667,0.3,2.0,0,-0.01858573550114029,-0.005575720650342088,-0.27417535885874555
0.5176498650000099,6.504980052063117,0.3,2.0,0,0.2199807576239891,0.06599422728719673,-0.27417535885874555
0.5367319890000317,6.74477309435655,0.3,2.0,0,0.4453702874215803,0.13361108622647408,-0.27417535885874555
0.5558031190000179,6.984427981971,0.3,2.0,0,0.6451676396851164,0.1935502919055349,0.011423973285781066
0.5749403830000119,7.224913933939758,0.3,2.0,0,0.8085764167080032,0.24257292501240094,0.011423973285781066
0.5940605160000132,7.465184611413613,0.3,2.0,0,0.9253657485898388,0.2776097245769516,0.11995171950070119
0.6131202249999887,7.704695978509143,0.3,2.0,0,0.988877575961112,0.2966632727883336,0.11995171950070119
0.6322873400000049,7.945557049207388,0.3,2.0,0,0.9958099010912489,0.2987429703273747,0.11995171950070119
0.6514513070000021,8.186378560970702,0.3,2.0,0,0.9452629191615664,0.2835788757484699,0.257039398930074
0.6705881440000212,8.426859147099524,0.3,2.0,0,0.8403446935001665,0.25210340805004994,0.2913113187874172
0.6896663709999871,8.66660321824597,0.3,2.0,0,0.6875972859043432,0.20627918577130297,0.2913113187874172
0.7087432090000334,8.906329834704643,0.3,2.0,0,0.49553279409758205,0.14865983822927462,0.2913113187874172
0.7278803799999878,9.146814618000436,0.3,2.0,0,0.2743977362517564,0.08231932087552692,0.2913113187874172
0.746950107000032,9.386451874997643,0.3,2.0,0,0.03831670366748022,0.011495011100244064,0.22276747907273076
0.7660992589999864,9.627087215979769,0.3,2.0,0,-0.20093202291724502,-0.0602796068751735,0.22276747907273076
0.7851919670000029,9.867013260739716,0.3,2.0,0,-0.4279607906309163,-0.1283882371892749,0.11423973285781065
0.8042563610000002,10.106583501281847,0.3,2.0,0,-0.6301959373757856,-0.18905878121273567,0.011423973285781066
0.8233968279999999,10.347109703335756,0.3,2.0,0,-0.7970120725517778,-0.23910362176553332,0.011423973285781066
0.8425133879999862,10.587335481167218,0.3,2.0,0,-0.917821428288549,-0.27534642848656465,-0.08567979964335799
0.8615980399999899,10.827160291245335,0.3,2.0,0,-0.985851851051976,-0.2957555553155928,-0.08567979964335799
0.8807022299999971,11.067230623072561,0.3,2.0,0,-0.9974337831206604,-0.2992301349361981,-0.257039398930074
0.8998471410000093,11.307812670077634,0.3,2.0,0,-0.9516483467743163,-0.28549450403229487,-0.257039398930074
0.918939349000027,11.54773243165229,0.3,2.0,0,-0.851394503229833,-0.2554183509689499,-0.27417535885874555
0.9380471320000083,11.787847914448808,0.3,2.0,0,-0.7022284195251571,-0.21066852585754714,-0.27417535885874555
0.9571476180000218,12.027871700439356,0.3,2.0,0,-0.5128479183334014,-0.1538543755000204,-0.27417535885874555
0.9762817330000075,12.268318080906946,0.3,2.0,0,-0.2936591615842957,-0.08809774847528871,-0.27417535885874555
0.995362311000008,12.50809169559114,0.3,2.0,0,-0.05824593430228045,-0.017473780290684134,-0.27417535885874555
1.0144926120000264,12.748490147921617,0.3,2.0,0,0.18111445945346033,0.054334337836038096,-0.27417535885874555
1.0336324120000313,12.98900796820639,0.3,2.0,0,0.4101671707817849,0.12305015123453546,-0.27417535885874555
1.05273987999999,13.229119492595881,0.3,2.0,0,0.6152861252352371,0.18458583757057112,-0.034271919857343194
1.0718782729999816,13.469619631997032,0.3,2.0,0,0.7853423933839664,0.2356027180151899,0.06854383971468639
1.091023129000007,13.71020098785189,0.3,2.0,0,0.9102263695045618,0.27306791085136856,0.06854383971468639
1.1101859660000173,13.951008299616573,0.3,2.0,0,0.9827224628120776,0.2948167388436233,0.13708767942937278
1.12926676699999,14.190784716601065,0.3,2.0,0,0.9985629114139598,0.2995688734241879,0.2456154256442929
1.1483753819999833,14.430910654618083,0.3,2.0,0,0.957166639744927,0.28714999192347807,0.27417535885874555
1.1675151270000015,14.67142778375264,0.3,2.0,0,0.8606452470128384,0.2581935741038515,0.27417535885874555
1.1866640750000101,14.91206056119584,0.3,2.0,0,0.714495465780216,0.21434863973406482,0.2970233054303077
1.2057565060000002,15.151983125070796,0.3,2.0,0,0.5277760708216666,0.15833282124649997,0.2970233054303077
1.224838176999981,15.391770474797825,0.3,2.0,0,0.3109503539710576,0.09328510619131727,0.2970233054303077
1.2439755330000253,15.632257582873311,0.3,2.0,0,0.0756333898237126,0.022690016947113777,0.2513274122871834
1.2631902219999915,15.873716486086538,0.3,2.0,0,-0.16499527252345111,-0.04949858175703533,0.13708767942937278
1.2823490220000053,16.114473067413098,0.3,2.0,0,-0.3954059710686114,-0.11862179132058343,0.13708767942937278
1.3014166380000347,16.354083796801753,0.3,2.0,0,-0.6020934752439734,-0.180628042573192,0.13708767942937278
1.3205519750000008,16.594545533373985,0.3,2.0,0,-0.7749160500216057,-0.2324748150064817,-0.034271919857343194
1.339687720000029,16.83501239702621,0.3,2.0,0,-0.9031492355402146,-0.2709447706620644,-0.034271919857343194
1.3587551140000187,17.07462033668009,0.3,2.0,0,-0.9792358406075342,-0.29377075218226023,-0.22276747907273076
1.3778975440000067,17.31517120651937,0.3,2.0,0,-0.9993371705007245,-0.2998011511502173,-0.22276747907273076
1.3970326030000138,17.55562944964109,0.3,2.0,0,-0.9619157620635149,-0.2885747286190545,-0.26846337221585503
1.4161685700000248,17.796099103027373,0.3,2.0,0,-0.8691380523049043,-0.26074141569147125,-0.2798873455016361
1.435261981999986,18.036033994511538,0.3,2.0,0,-0.7267110405026189,-0.21801331215078568,-0.2798873455016361
1.4544024310000054,18.276559970371025,0.3,2.0,0,-0.5421519173781971,-0.16264557521345913,-0.2798873455016361
1.4735488790000204,18.51716133188777,0.3,2.0,0,-0.32630748039453134,-0.0978922441183594,-0.2798873455016361
1.4926608840000313,18.757329869901394,0.3,2.0,0,-0.09209536689129083,-0.02762861006738725,-0.2798873455016361
1.5117471840000007,18.997175389357853,0.3,2.0,0,0.14708390989838466,0.044125172969515396,-0.2798873455016361
1.530876615000011,19.237562908945794,0.3,2.0,0,0.37834430586705026,0.11350329176011507,-0.2798873455016361
1.5499945669999988,19.47780617916517,0.3,2.0,0,0.5877300168312991,0.17631900504938972,-0.2798873455016361
1.5690745260000085,19.71757201526607,0.3,2.0,0,0.7630481582782584,0.22891444748347753,-0.2798873455016361
1.588205892000019,19.957983850781154,0.3,2.0,0,0.8949985397829466,0.268499561934884,0.08567979964335799
1.607375869000009,20.19888088643177,0.3,2.0,0,0.9755752983303417,0.2926725894991025,0.08567979964335799
1.6264913830000296,20.43909351984,0.3,2.0,0,0.9998243875113612,0.2999473162534083,0.08567979964335799
1.6455568609999887,20.678677382327397,0.3,2.0,0,0.9668191979637042,0.29004575938911126,0.2513274122871834
1.6646936900000355,20.919157867925602,0.3,2.0,0,0.8781545522694186,0.2634463656808256,0.2970233054303077
1.6838271490000238,21.1595960048541,0.3,2.0,0,0.7389782733508691,0.2216934820052607,0.2970233054303077
1.7029359969999973,21.399724870835225,0.3,2.0,0,0.5575434724720528,0.16726304174161585,0.2970233054303077
1.7220187519999968,21.639525842508235,0.3,2.0,0,0.3444217060605837,0.1033265118181751,0.2970233054303077
1.7411565259999975,21.88001820332609,0.3,2.0,0,0.11090177040984561,0.03327053112295368,0.2456154256442929
1.7602507440000181,22.11996322330572,0.3,2.0,0,-0.12845870212497362,-0.03853761063749209,0.2456154256442929
1.7793246479999993,22.359652970032194,0.3,2.0,0,-0.3602206345183563,-0.10806619035550688,0.13708767942937278
1.7984670879999953,22.600203965535275,0.3,2.0,0,-0.5720929572536996,-0.17162788717610986,0.06283185307179585
1.817593009999996,22.84054738972861,0.3,2.0,0,-0.7508834971673412,-0.22526504915020235,-0.05140787978601479
1.836663025000007,23.08018826584014,0.3,2.0,0,-0.886182376703236,-0.2658547130109708,-0.05140787978601479
1.8557547799999838,23.320102334848393,0.3,2.0,0,-0.9708983431950566,-0.291269502958517,-0.05140787978601479
1.8748946460000298,23.56062098451414,0.3,2.0,0,-0.9999991236214747,-0.2999997370864424,-0.23419145235851183
1.8940292710000222,23.80107377383083,0.3,2.0,0,-0.9715446757046484,-0.29146340271139454,-0.26846337221585503
1.9131400080000276,24.041226377686446,0.3,2.0,0,-0.8873264933129401,-0.266197947993882,-0.26846337221585503
1.9322273930000051,24.281085531655123,0.3,2.0,0,-0.7523721070428944,-0.2257116321128683,-0.2798873455016361
1.9513866670000084,24.52184806944122,0.3,2.0,0,-0.5735993077364996,-0.17207979232094986,-0.2798873455016361
1.9705578840000157,24.762760687391616,0.3,2.0,0,-0.36159729004330343,-0.10847918701299103,-0.2798873455016361
1.989636657999995,25.002511632342955,0.3,2.0,0,-0.12986179821766813,-0.03895853946530044,-0.2798873455016361
2.0087563390000014,25.242776629817357,0.3,2.0,0,0.10981348790661434,0.0329440463719843,-0.13708767942937278
2.027900002000024,25.483342993992036,0.3,2.0,0,0.3434630272136551,0.10303890816409654,-0.06854383971468639
2.047010831000023,25.723496753953665,0.3,2.0,0,0.5569886607146289,0.1670965982143887,-0.06854383971468639
2.066117604999988,25.96359955728203,0.3,2.0,0,0.738510364353337,0.22155310930600108,-0.06854383971468639
2.085267249000026,26.204241080919545,0.3,2.0,0,0.8779196327305306,0.26337588981915916,-0.06854383971468639
2.1044169850000003,26.444883760662357,0.3,2.0,0,0.9667351855138442,0.29002055565415324,-0.06854383971468639
2.12354859200002,26.685298624672875,0.3,2.0,0,0.9998336753117549,0.29995010259352645,0.23419145235851183
2.142667013999983,26.925547801086125,0.3,2.0,0,0.9754567826496904,0.2926370347949071,0.23419145235851183
2.161760232000006,27.16548025469517,0.3,2.0,0,0.8951883495573799,0.26855650486721394,0.2913113187874172
2.180879950000019,27.405745717125367,0.3,2.0,0,0.7634177869977524,0.2290253360993257,0.2913113187874172
2.2000106500000243,27.64614918343755,0.3,2.0,0,0.5876769747899852,0.17630309243699555,0.2970233054303077
2.219125867999992,27.886358097199412,0.3,2.0,0,0.3783154228092037,0.11349462684276111,0.2913113187874172
2.2381945310000333,28.12598198357825,0.3,2.0,0,0.1478083353872264,0.04434250061616792,0.2913113187874172
2.257307933999982,28.36616808937721,0.3,2.0,0,-0.09170518052719204,-0.02751155415815761,0.2913113187874172
2.276453745000026,28.606761446116238,0.3,2.0,0,-0.326338649490285,-0.09790159484708551,0.2913113187874172
2.295508278,28.846207769677445,0.3,2.0,0,-0.5412087279679914,-0.1623626183903974,0.2913113187874172
2.3146571070000164,29.08683905172264,0.3,2.0,0,-0.7260122101827305,-0.21780366305481916,0.2913113187874172
2.3337811030000353,29.3271582730864,0.3,2.0,0,-0.868825099010056,-0.2606475297030168,0.2913113187874172
2.352850007000029,29.566785187959958,0.3,2.0,0,-0.9615114847138463,-0.28845344541415385,0.2913113187874172
2.3719287810000083,29.806536132911297,0.3,2.0,0,-0.9992553410792945,-0.29977660232378833,0.2913113187874172
2.391054424999993,30.0468760636534,0.3,2.0,0,-0.9797182366371945,-0.29391547099115833,-0.2513274122871834
2.4101576799999975,30.286934645924067,0.3,2.0,0,-0.9039816098509521,-0.27119448295528564,-0.26846337221585503
2.4292568980000055,30.526942497756608,0.3,2.0,0,-0.7764318879860993,-0.2329295663958298,-0.26846337221585503
2.448432319999995,30.76790795729521,0.3,2.0,0,-0.6036078413058744,-0.18108235239176232,-0.27417535885874555
2.467517186000009,31.00773545657677,0.3,2.0,0,-0.3969496779044447,-0.1190849033713334,-0.27417535885874555
2.486650736999991,31.248174749611284,0.3,2.0,0,-0.1669661181820349,-0.050089835454610473,-0.27417535885874555
2.5057593629999815,31.488300825858346,0.3,2.0,0,0.07231112329448888,0.021693336988346665,-0.27417535885874555
2.524898339999993,31.728808304020184,0.3,2.0,0,0.3078017704761728,0.09234053114285183,-0.08567979964335799
2.5440544470000077,31.96953104411069,0.3,2.0,0,0.5257567584199705,0.15772702752599113,-0.028559933214452663
2.563110916000028,32.209001696165984,0.3,2.0,0,0.712514347391262,0.2137543042173786,-0.028559933214452663
2.582261532000018,32.44965543431514,0.3,2.0,0,0.8592127316873355,0.25776381950620064,-0.028559933214452663
2.6013760750000188,32.689855865777254,0.3,2.0,0,0.9562576646815848,0.2868772994044754,-0.028559933214452663
2.620512653999981,32.93033320978174,0.3,2.0,0,0.9984105247727668,0.29952315743183006,0.23990343900140237
2.6396491219999803,33.17080915891956,0.3,2.0,0,0.9831039129442203,0.29493117388326606,0.23990343900140237
2.6587634059999914,33.411006335691816,0.3,2.0,0,0.9113339380333337,0.2734001814100001,0.2798873455016361
2.6778602069999806,33.65098381460635,0.3,2.0,0,0.7873726065543569,0.23621178196630707,0.2970233054303077
2.6970069160000207,33.89158845594614,0.3,2.0,0,0.6177912752003749,0.18533738256011248,0.2970233054303077
2.716139644000009,34.13201740685772,0.3,2.0,0,0.41277787322744003,0.123833361968232,0.2970233054303077
2.735223187000031,34.37182828083105,0.3,2.0,0,0.18462560873465247,0.05538768262039574,0.2970233054303077
2.754327988,34.611906290710245,0.3,2.0,0,-0.05436029273861426,-0.016308087821584275,0.15993562600093492
2.77346684500003,34.85241226090784,0.3,2.0,0,-0.290637538967409,-0.0871912616902227,0.15993562600093492
2.792566239999985,35.09242233698732,0.3,2.0,0,-0.5097577178698012,-0.15292731536094034,0.06283185307179585
2.8116334310000184,35.33202772566851,0.3,2.0,0,-0.6993648787672638,-0.20980946363017913,-0.022847946571562132
2.8307722879999915,35.572533695865395,0.3,2.0,0,-0.849488205533077,-0.2548464616599231,-0.022847946571562132
2.849910904000012,35.813036637567556,0.3,2.0,0,-0.9507099407224673,-0.2852129822167402,-0.14279966607226333
2.868976798999995,36.0526257402318,0.3,2.0,0,-0.9971368961720106,-0.2991410688516032,-0.21134350578694971
2.888083342000016,36.292725640729245,0.3,2.0,0,-0.9865150721616743,-0.2959545216485023,-0.2627513855729645
2.907219347000023,36.533195771637565,0.3,2.0,0,-0.9191495722128648,-0.2757448716638594,-0.2627513855729645
2.926336260000028,36.773425985398084,0.3,2.0,0,-0.7990333482074891,-0.23971000446224672,-0.2798873455016361
2.945423617000017,37.01328478750853,0.3,2.0,0,-0.6333132826482221,-0.1899939847944666,-0.2798873455016361
2.9645344009999803,37.25343798198303,0.3,2.0,0,-0.43106601673271283,-0.12931980501981385,-0.2798873455016361
2.983671979999997,37.49392789235882,0.3,2.0,0,-0.20374725543137637,-0.061124176629412906,-0.27417535885874555
1.685000029283401e-06,3.1761502279771916e-05,0.3,3.0,0,3.1761502274431786e-05,9.528450682329536e-06,0.0
0.020339051999997082,0.38338209806502976,0.3,3.0,0,0.3740591768911781,0.11221775306735343,0.005711986642890533
0.03950487200000907,0.7446492939374018,0.3,3.0,0,0.677713968983608,0.20331419069508241,0.005711986642890533
0.05873918100002129,1.1072074770452882,0.3,3.0,0,0.894453467391826,0.26833604021754776,0.005711986642890533
0.07794032500004278,1.4691405146312118,0.3,3.0,0,0.9948374959598622,0.29845124878795865,0.06283185307179585
0.09709041299998944,1.8301111692885947,0.3,3.0,0,0.9665658919591477,0.2899697675877443,0.06283185307179585
0.11623496400000022,2.190977453956049,0.3,3.0,0,0.8137732020634766,0.24413196061904296,0.23419145235851183
0.13533597899998995,2.551023104356506,0.3,3.0,0,0.5568341942759334,0.16705025828278,0.23419145235851183
0.15443493800000851,2.911030000070532,0.3,3.0,0,0.22852532424357386,0.06855759727307216,0.2970233054303077
0.17357945200001268,3.271895587304292,0.3,3.0,0,-0.12993451419453209,-0.03898035425835963,0.2970233054303077
0.192686244000015,3.632050131589545,0.3,3.0,0,-0.4710294867806184,-0.1413088460341855,0.23419145235851183
0.21175640699999576,3.9915142354905417,0.3,3.0,0,-0.7512286482065462,-0.22536859446196386,0.06283185307179585
0.23090753200000336,4.352504437138564,0.3,3.0,0,-0.935937489879417,-0.2807812469638251,0.06283185307179585
0.25007924999999886,4.7138828076914505,0.3,3.0,0,-0.9999988842401962,-0.29999966527205885,0.06283185307179585
0.2691343200000347,5.073062415245961,0.3,3.0,0,-0.9356593777250635,-0.28069781331751903,-0.2513274122871834
0.28828787100002273,5.434098345916281,0.3,3.0,0,-0.750677501897681,-0.2252032505693043,-0.28559933214452665
0.30743551500000876,5.795022932259734,0.3,3.0,0,-0.46900369747363657,-0.14070110924209098,-0.28559933214452665
0.3265785290000167,6.155860245159683,0.3,3.0,0,-0.12698131542878316,-0.038094394628634946,-0.28559933214452665
0.3456567659999905,6.515476540375059,0.3,3.0,0,0.23020781993661002,0.069062345980983,-0.28559933214452665
0.36477442800003246,6.875835979333926,0.3,3.0,0,0.5585616171409548,0.16756848514228642,-0.08567979964335799
0.383912998000028,7.236589524807126,0.3,3.0,0,0.8153909635829357,0.2446172890748807,-0.08567979964335799
0.4030389750000154,7.597105697822453,0.3,3.0,0,0.9671883970157885,0.29015651910473655,0.05140787978601479
0.42211800800004085,7.956736997285316,0.3,3.0,0,0.9947253112458259,0.29841759337374774,0.05140787978601479
0.44126309699998956,8.317613423012686,0.3,3.0,0,0.8944342657903473,0.2683302797371042,0.05140787978601479
0.46044655500003273,8.67921308735299,0.3,3.0,0,0.6783869338841081,0.20351608016523243,0.2627513855729645
0.47958523599999126,9.039968725126199,0.3,3.0,0,0.3753823298081697,0.11261469894245091,0.2627513855729645
0.49867202800004407,9.399746278293973,0.3,3.0,0,0.02502906847730977,0.007508720543192931,0.2627513855729645
0.5178168020000271,9.760616766411875,0.3,3.0,0,-0.3295612308174087,-0.0988683692452226,0.2627513855729645
0.5369413900000382,10.121106757394472,0.3,3.0,0,-0.641405461033283,-0.1924216383099849,0.2627513855729645
0.5560597749999943,10.481479824580653,0.3,3.0,0,-0.8707383739559571,-0.26122151218678713,0.2627513855729645
0.5752037519999931,10.842335289602783,0.3,3.0,0,-0.9882818623284784,-0.2964845586985435,0.2627513855729645
0.5943413960000044,11.203071380387497,0.3,3.0,0,-0.9785496065013694,-0.2935648819504108,-0.1942075458582781
0.6134571880000408,11.563395570676686,0.3,3.0,0,-0.8430746815197423,-0.2529224044559227,-0.27417535885874555
0.6325764979999917,11.923786073701997,0.3,3.0,0,-0.5992664935646538,-0.17977994806939612,-0.27417535885874555
0.651752216000034,12.28523984247945,0.3,3.0,0,-0.2774422061166473,-0.0832326618349942,-0.27417535885874555
0.6708980450000013,12.646130216878552,0.3,3.0,0,0.07967506304343383,0.02390251891303015,-0.2913113187874172
0.6899836150000169,13.005884735888289,0.3,3.0,0,0.42549981545119736,0.1276499446353592,-0.2913113187874172
0.7090847960000133,13.365933515315154,0.3,3.0,0,0.7170514925451638,0.21511544776354913,-0.2913113187874172
0.7282343470000114,13.726894047761977,0.3,3.0,0,0.9170120108169598,0.2751036032450879,-0.2913113187874172
0.7473543799999902,14.087298179016743,0.3,3.0,0,0.9987568109533748,0.2996270432860124,-0.2913113187874172
0.7664946909999912,14.448084541566907,0.3,3.0,0,0.9520532470663657,0.2856159741199097,0.257039398930074
0.7855762980000236,14.807764359786843,0.3,3.0,0,0.7834505374270626,0.23503516122811877,0.257039398930074
0.8047166819999916,15.168552098353965,0.3,3.0,0,0.5136308576011465,0.15408925728034392,0.30844727871608874
0.823825123000006,15.52873772555716,0.3,3.0,0,0.17826757457925083,0.05348027237377525,0.30844727871608874
0.84289811900004,15.888255230251087,0.3,3.0,0,-0.17931681106079828,-0.053795043318239484,0.30844727871608874
0.8620558549999942,16.2493700463123,0.3,3.0,0,-0.5153420885261158,-0.15460262655783474,0.30844727871608874
0.8811302400000045,16.608913733038957,0.3,3.0,0,-0.7839173742905312,-0.23517521228715935,0.06283185307179585
0.900251810000043,16.9693468360623,0.3,3.0,0,-0.9525125487040451,-0.28575376461121355,-0.08567979964335799
0.9193774170000211,17.32985603474176,0.3,3.0,0,-0.9986948609066281,-0.2996084582719884,-0.08567979964335799
0.9385377639999888,17.691020066993737,0.3,3.0,0,-0.9162174351384148,-0.27486523054152445,-0.2456154256442929
0.9578011300000071,18.05412596164815,0.3,3.0,0,-0.7141646333027841,-0.21424938999083523,-0.2913113187874172
0.9769348660000219,18.41478838836839,0.3,3.0,0,-0.4211995727782437,-0.1263598718334731,-0.2913113187874172
0.9960745100000281,18.775562178264853,0.3,3.0,0,-0.07392624155153765,-0.022177872465461296,-0.2913113187874172
1.0152171350000003,19.136392158686874,0.3,3.0,0,0.2829191426827001,0.08487574280481001,-0.23990343900140237
1.0343731309999953,19.497474176521553,0.3,3.0,0,0.6035278521158333,0.18105835563474998,-0.23990343900140237
1.05350289200004,19.858061676257567,0.3,3.0,0,0.8460361691508385,0.2538108507452515,-0.034271919857343194
1.072596433000001,20.217966445076527,0.3,3.0,0,0.9795898030582199,0.29387694091746597,-0.034271919857343194
1.0917441220000228,20.57889187965067,0.3,3.0,0,0.9874588938943762,0.2962376681683129,0.2284794657156213
1.1108845340000357,20.939680146006204,0.3,3.0,0,0.868152937943317,0.2604458813829951,0.2284794657156213
1.129973946000007,21.299507085008955,0.3,3.0,0,0.6378023167955471,0.19134069503866413,0.2913113187874172
1.1491115790000208,21.660242968448603,0.3,3.0,0,0.3248996376659413,0.0974698912997824,0.30844727871608874
1.1682535830000234,22.02106124329697,0.3,3.0,0,-0.02990820755301491,-0.008972462265904473,0.30844727871608874
1.1873365690000242,22.380767055053926,0.3,3.0,0,-0.37983551608853255,-0.11395065482655976,0.2456154256442929
1.2064444439999988,22.74094201340772,0.3,3.0,0,-0.6814876065705473,-0.20444628197116418,0.10852774621492012
1.2255747070000211,23.101538975620386,0.3,3.0,0,-0.8958722134926164,-0.2687616640477849,-0.034271919857343194
1.2447026739999956,23.462092659251752,0.3,3.0,0,-0.9950189055353122,-0.29850567166059366,-0.034271919857343194
1.2637947160000067,23.821969172587327,0.3,3.0,0,-0.9663837383342161,-0.2899151215002648,-0.22276747907273076
1.2828736829999912,24.181599227978726,0.3,3.0,0,-0.8140792567491383,-0.24422377702474146,-0.26846337221585503
1.3020369280000068,24.54281788624467,0.3,3.0,0,-0.5562973234211709,-0.16688919702635127,-0.26846337221585503
1.3211652090000143,24.90337748863722,0.3,3.0,0,-0.227357972529801,-0.06820739175894029,-0.28559933214452665
1.3402697880000005,25.263490318854913,0.3,3.0,0,0.13037687541341422,0.03911306262402427,-0.28559933214452665
1.359319384999992,25.62256676278903,0.3,3.0,0,0.4704719439872563,0.14114158319617687,-0.10852774621492012
1.3784771670000282,25.98368244593136,0.3,3.0,0,0.7519012597699671,0.22557037793099013,-0.10852774621492012
1.3976075969999897,26.34428255601872,0.3,3.0,0,0.9361590084121061,0.28084770252363184,-0.10852774621492012
1.4166912489999959,26.704000921580022,0.3,3.0,0,0.999999892645946,0.2999999677937838,0.14851165271515385
1.435778550000009,27.063788069171014,0.3,3.0,0,0.9358085448050596,0.2807425634415179,0.14851165271515385
1.454882332000011,27.423885876292935,0.3,3.0,0,0.751576006155177,0.22547280184655308,0.257039398930074
1.4740293180000208,27.78479805962904,0.3,3.0,0,0.47021627858274934,0.1410648835748248,0.3027352920731982
1.493105173999993,28.144369474051736,0.3,3.0,0,0.1295988511209125,0.038879655336273744,0.3027352920731982
1.5121818260000168,28.50395589272192,0.3,3.0,0,-0.22760947149991512,-0.06828284144997453,0.3027352920731982
1.5313297380000108,28.86488553074651,0.3,3.0,0,-0.5568193253627601,-0.16704579760882804,0.3027352920731982
1.550520333999998,29.226619743215924,0.3,3.0,0,-0.8147430251541722,-0.24442290754625165,0.3027352920731982
1.5696462829999973,29.587135388443908,0.3,3.0,0,-0.96690352759787,-0.29007105827936097,-0.10852774621492012
1.5887629720000405,29.947476486784886,0.3,3.0,0,-0.9947671898184162,-0.2984301569455248,-0.10852774621492012
1.6078846990000102,30.307912549187215,0.3,3.0,0,-0.8948138161504503,-0.26844414484513507,-0.2456154256442929
1.6270329620000439,30.668848803406682,0.3,3.0,0,-0.6794976619832827,-0.2038492985949848,-0.2456154256442929
1.6461592990000327,31.029371762262166,0.3,3.0,0,-0.37699964401233343,-0.11309989320370002,-0.2456154256442929
1.665227989000016,31.388808100767335,0.3,3.0,0,-0.027115111393570306,-0.008134533418071091,-0.2456154256442929
1.6843626230000268,31.749487454388717,0.3,3.0,0,0.3274097464961823,0.09822292394885469,-0.20563151914405917
1.7034955160000322,32.110133990933136,0.3,3.0,0,0.6397765213789748,0.19193295641369243,-0.20563151914405917
1.7226035940000202,32.47031277574703,0.3,3.0,0,0.8695973403462136,0.26087920210386406,-0.03998390650023373
1.7416758760000448,32.829816821857854,0.3,3.0,0,0.9877154814607697,0.2963146444382309,0.057119866428905326
1.7608132510000019,33.190547842111,0.3,3.0,0,0.9792995041854998,0.29378985125564994,0.21705549242984024
1.7799953649999907,33.552122172647124,0.3,3.0,0,0.8443747362298483,0.25331242086895445,0.21705549242984024
1.7990692399999944,33.91165624610014,0.3,3.0,0,0.6018877924407691,0.18056633773223071,0.2798873455016361
1.818212281000001,34.27249406793807,0.3,3.0,0,0.28118155939443373,0.08435446781833011,0.2798873455016361
1.8373506739999925,34.63324427703979,0.3,3.0,0,-0.07565273671123982,-0.022695821013371944,0.2798873455016361
1.8564400680000404,34.99307087675198,0.3,3.0,0,-0.4219106458639502,-0.12657319375918505,0.2798873455016361
1.8755395720000365,35.35308804547356,0.3,3.0,0,-0.7142618505924,-0.21427855517772,0.2798873455016361
1.894687465000004,35.71401732535609,0.3,3.0,0,-0.9153990574590329,-0.2746197172377099,0.2798873455016361
1.9138041170000406,36.07435772626337,0.3,3.0,0,-0.9985446316013843,-0.2995633894804153,0.2798873455016361
1.9328966030000174,36.43424260880113,0.3,3.0,0,-0.9535681431355579,-0.28607044294066736,0.2798873455016361
1.9519724040000028,36.793812986498494,0.3,3.0,0,-0.7866097192293764,-0.23598291576881292,-0.28559933214452665
1.9709975200000258,37.15242797445469,0.3,3.0,0,-0.519857276872863,-0.15595718306185888,-0.28559933214452665
1.9900335240000118,37.51124819637506,0.3,3.0,0,-0.18676055761007632,-0.056028167283022894,-0.2913113187874172
2.0090843810000365,37.87034839075026,0.3,3.0,0,0.1704009419620932,0.05112028258862796,-0.2913113187874172
2.028093775000002,38.22866702598717,0.3,3.0,0,0.5051494998738858,0.15154484996216575,-0.2913113187874172
2.047098690000041,38.5869012340645,0.3,3.0,0,0.775678466067903,0.2327035398203709,-0.2913113187874172
2.066128203000005,38.94559910351697,0.3,3.0,0,0.9478711213812621,0.2843613364143786,-0.2913113187874172
2.085138900000004,39.303942299725875,0.3,3.0,0,0.9994208949049773,0.2998262684714932,-0.2913113187874172
2.104147060999992,39.66223769346076,0.3,3.0,0,0.9240208931856161,0.2772062679556848,-0.2913113187874172
2.123145722000004,40.02035401641484,0.3,3.0,0,0.7313848898773082,0.21941546696319245,0.26846337221585503
2.1421612530000402,40.378788331377784,0.3,3.0,0,0.445664275588634,0.13369928267659018,0.26846337221585503
2.161171525000043,40.7371235165255,0.3,3.0,0,0.10339585908637691,0.031018757725913074,0.26846337221585503
2.1801734820000434,41.09530196761568,0.3,3.0,0,-0.251855875620571,-0.0755567626861713,0.26846337221585503
2.199173384000005,41.45344168286772,0.3,3.0,0,-0.5751088405285297,-0.17253265215855892,0.26846337221585503
2.2181859340000187,41.811819807304026,0.3,3.0,0,-0.8255156847428063,-0.2476547054228419,0.017135959928671597
2.2371862429999965,42.16996719432562,0.3,3.0,0,-0.9709722850190654,-0.2912916855057196,0.017135959928671597
2.256216033000044,42.52867028510666,0.3,3.0,0,-0.9931435082331307,-0.2979430524699392,-0.13137569278648226
2.2752213050000023,42.88691122247393,0.3,3.0,0,-0.8891049554910874,-0.2667314866473262,-0.13137569278648226
2.2942570950000345,43.2457274105902,0.3,3.0,0,-0.6717508101285123,-0.2015252430385537,-0.13137569278648226
2.3132655340000383,43.60402804450193,0.3,3.0,0,-0.36931249430475144,-0.11079374829142542,-0.13137569278648226
2.3323738980000144,43.964212220288594,0.3,3.0,0,-0.018083944160957398,-0.005425183248287219,-0.2798873455016361
2.351421429000027,44.323249721040575,0.3,3.0,0,0.3343849812537666,0.10031549437612998,-0.2798873455016361
2.370456923000006,44.6820603296873,0.3,3.0,0,0.644036538811636,0.1932109616434908,-0.2798873455016361
2.389472825000041,45.04050163783547,0.3,3.0,0,0.8714763007433397,0.2614428902230019,-0.2798873455016361
2.4084811710000054,45.39880051873775,0.3,3.0,0,0.9881204369733975,0.2964361310920192,0.10281575957202958
2.4274905720000106,45.75711928592231,0.3,3.0,0,0.9792588332215405,0.29377764996646216,0.10281575957202958
2.446587732000012,46.1170922712849,0.3,3.0,0,0.8451242384233243,0.2535372715269973,0.2456154256442929
2.4655931340000166,46.475335659095315,0.3,3.0,0,0.6040347516285697,0.1812104254885709,0.30844727871608874
2.4845970540000053,46.83355111186355,0.3,3.0,0,0.2862767582162473,0.0858830274648742,0.30844727871608874
2.503636974000017,47.19244514864539,0.3,3.0,0,-0.06850165761117216,-0.02055049728335165,0.30844727871608874
2.5226633760000254,47.55108437713023,0.3,3.0,0,-0.4143191285026326,-0.12429573855078976,0.23419145235851183
2.541676961999997,47.90948202970568,0.3,3.0,0,-0.7072439907531625,-0.21217319722594874,0.07425582635757692
2.560711012000013,48.26826541959435,0.3,3.0,0,-0.9104520250321902,-0.27313560750965704,0.07425582635757692
2.579730376000043,48.62677198490502,0.3,3.0,0,-0.9976947206681133,-0.29930841620043397,-0.07996781300046746
2.598747629999991,48.98523877765115,0.3,3.0,0,-0.9580856985459157,-0.2874257095637747,-0.07996781300046746
2.6177803280000376,49.343996682940784,0.3,3.0,0,-0.7965008536876331,-0.23895025610628992,-0.2913113187874172
2.6367869140000266,49.702262388625115,0.3,3.0,0,-0.5339116590737562,-0.16017349772212683,-0.2913113187874172
2.65578616800002,50.06038988936551,0.3,3.0,0,-0.20365778881938695,-0.06109733664581608,-0.2913113187874172
2.6748023100000182,50.418835721406396,0.3,3.0,0,0.15275289652113652,0.04582586895634096,-0.257039398930074
2.6938234890000103,50.777376498660345,0.3,3.0,0,0.4898293843284194,0.1469488152985258,-0.257039398930074
2.712821039000005,51.135471879757475,0.3,3.0,0,0.7643221162143785,0.22929663486431354,-0.257039398930074
2.7318136630000254,51.49347440794262,0.3,3.0,0,0.9418157363032832,0.2825447208909849,-0.257039398930074
2.7508534350000104,51.85236565498969,0.3,3.0,0,0.9998706090850372,0.29996118272551114,-0.257039398930074
2.7698941880000234,52.21127539345164,0.3,3.0,0,0.9305088638565111,0.2791526591569533,-0.257039398930074
2.7888929050000115,52.56939277198041,0.3,3.0,0,0.7430941688822966,0.222928250664689,0.2798873455016361
2.8079029170000354,52.927723056243984,0.3,3.0,0,0.46120435452847086,0.13836130635854124,0.2798873455016361
2.8269094850000442,53.28598842263668,0.3,3.0,0,0.12079101001089736,0.0362373030032692,0.2798873455016361
2.845932072000039,53.64455574006542,0.3,3.0,0,-0.23525471395246828,-0.07057641418574048,0.257039398930074
2.8649343630000317,54.00274048690713,0.3,3.0,0,-0.5610596604191723,-0.16831789812575168,0.257039398930074
2.883932820000041,54.36085296455175,0.3,3.0,0,-0.8156072084740498,-0.24468216254221492,0.257039398930074
2.9029412590000447,54.719153598463485,0.3,3.0,0,-0.9667188022682014,-0.29001564068046043,0.257039398930074
2.9219701780000378,55.07784027128029,0.3,3.0,0,-0.9950072762570575,-0.2985021828771173,-0.1770715859296065
2.9410066540000344,55.436669390191256,0.3,3.0,0,-0.8965854968055498,-0.26897564904166493,-0.1770715859296065
2.960019611000007,55.79505518639605,0.3,3.0,0,-0.6842775896116192,-0.20528327688348577,-0.1770715859296065
2.979061864000016,56.15399319919181,0.3,3.0,0,-0.3845077934413389,-0.11535233803240166,-0.1770715859296065
2.998092507000024,56.5127123686433,0.3,3.0,0,-0.03594764934134729,-0.010784294802404186,-0.1770715859296065
1.0740000107034575e-06,2.699256434865073e-05,0.3,4.0,0,2.699256434537294e-05,8.097769303611881e-06,0.011423973285781066
0.019183295999994243,0.482128814281763,0.3,4.0,0,0.4636663752180979,0.13909991256542936,0.017135959928671597
0.038255982999999105,0.9614777211892256,0.3,4.0,0,0.8200381762106873,0.2460114528632062,0.017135959928671597
0.05727090999999973,1.439374960963211,0.3,4.0,0,0.9913766346193176,0.2974129903857953,0.028559933214452663
0.07629224499999054,1.9174332513427432,0.3,4.0,0,0.9405205895948612,0.28215617687845834,0.028559933214452663
0.09532283900000493,2.3957242457739047,0.3,4.0,0,0.6786099108151254,0.20358297324453764,0.028559933214452663
0.11448302500002683,2.877272242406567,0.3,4.0,0,0.2612533416490461,0.07837600249471384,0.028559933214452663
0.13367287699998087,3.359565826938815,0.3,4.0,0,-0.21625120122984723,-0.06487536036895417,0.028559933214452663
0.1528268029999822,3.8409564926108684,0.3,4.0,0,-0.6437309941582244,-0.19311929824746732,0.26846337221585503
0.17199706299999207,4.322757676478367,0.3,4.0,0,-0.9250491709730617,-0.2775147512919185,0.13137569278648226
0.1910873979999792,4.802550126002588,0.3,4.0,0,-0.9959382365463051,-0.2987814709638915,0.13137569278648226
0.2101898060000167,5.282646003112929,0.3,4.0,0,-0.8417622496541083,-0.2525286748962325,0.13137569278648226
0.2293317510000179,5.763735553412319,0.3,4.0,0,-0.49640254841309667,-0.148920764523929,-0.28559933214452665
0.24852173300001823,6.24603240520209,0.3,4.0,0,-0.03714435530620466,-0.011143306591861399,-0.28559933214452665
0.26762443799998437,6.7261357467347835,0.3,4.0,0,0.4286070223677736,0.12858210671033207,-0.28559933214452665
0.28681254899998976,7.208385575165843,0.3,4.0,0,0.7987412753846365,0.23962238261539093,-0.28559933214452665
0.3059423089999882,7.6891688830132905,0.3,4.0,0,0.9864490941442677,0.2959347282432803,-0.28559933214452665
0.32502908800000796,8.168871960510522,0.3,4.0,0,0.9508303518413597,0.2852491055524079,0.13137569278648226
0.3441294219999804,8.64891571231392,0.3,4.0,0,0.7003318235936565,0.21009954707809694,0.13137569278648226
0.3632570529999839,9.129645512555419,0.3,4.0,0,0.2908665743079807,0.0872599722923942,0.2627513855729645
0.3824042200000122,9.610866306030184,0.3,4.0,0,-0.1850161983849957,-0.05550485951549871,0.2913113187874172
0.40151920300002075,10.09127822736075,0.3,4.0,0,-0.6182390228099565,-0.18547170684298694,0.2913113187874172
0.4206349070000215,10.571708269397543,0.3,4.0,0,-0.9115057113707699,-0.2734517134112309,0.18278357257249706
0.43976620400002275,11.052530206268331,0.3,4.0,0,-0.9983784500892392,-0.29951353502677175,0.18278357257249706
0.4589394449999986,11.534406310836577,0.3,4.0,0,-0.8583085950704139,-0.25749257852112417,-0.2513274122871834
0.47804151999997657,12.014493818742592,0.3,4.0,0,-0.5242863217308932,-0.15728589651926794,-0.2513274122871834
0.4971087069999953,12.493704495573645,0.3,4.0,0,-0.07260218506466502,-0.021780655519399506,-0.28559933214452665
0.5162433190000115,12.974609747481981,0.3,4.0,0,0.39699378316542,0.119098134949626,-0.28559933214452665
0.5353844539999955,13.45567894026054,0.3,4.0,0,0.7766362136847593,0.2329908641054278,-0.28559933214452665
0.5544530180000038,13.934924224876005,0.3,4.0,0,0.9796185545158338,0.2938855663547501,-0.08567979964335799
0.5735495260000221,14.414871818812614,0.3,4.0,0,0.9616871765568876,0.2885061529670663,0.10281575957202958
0.592686958999991,14.895847970182768,0.3,4.0,0,0.7257440473721803,0.2177232142116541,0.257039398930074
0.6118017260000101,15.376254462841493,0.3,4.0,0,0.32565915649150606,0.09769774694745181,0.257039398930074
0.6308923820000132,15.856054979976047,0.3,4.0,0,-0.14755100156868667,-0.044265300470606,0.3027352920731982
0.6499782230000051,16.335734482961307,0.3,4.0,0,-0.5873423765705953,-0.1762027129711786,0.23990343900140237
0.6691102309999906,16.81657428921071,0.3,4.0,0,-0.895080196467615,-0.2685240589402845,0.23990343900140237
0.6882138309999846,17.296700124547502,0.3,4.0,0,-0.9998390730116169,-0.29995172190348507,0.03998390650023373
0.7072853020000025,17.776018470041958,0.3,4.0,0,-0.8788934284589012,-0.26366802853767035,0.03998390650023373
0.7264196990000187,18.25691831841093,0.3,4.0,0,-0.5585507768189133,-0.16756523304567397,0.03998390650023373
0.7458079649999831,18.744198590661593,0.3,4.0,0,-0.10516252502993188,-0.031548757508979564,0.03998390650023373
0.764958675999992,19.225508454570786,0.3,4.0,0,0.3671587020354071,0.11014761061062213,-0.28559933214452665
0.7840166280000176,19.704487030536765,0.3,4.0,0,0.7545257067933729,0.22635771203801186,-0.18278357257249706
0.8030318589999865,20.182391910663288,0.3,4.0,0,0.9718207871183295,0.29154623613549885,-0.18278357257249706
0.8220477369999912,20.660313051674283,0.3,4.0,0,0.9713472912547362,0.2914041873764208,-0.18278357257249706
0.8410493009999982,21.13787444262739,0.3,4.0,0,0.7534372467095175,0.22603117401285525,0.2456154256442929
0.8600604389999944,21.61567645444475,0.3,4.0,0,0.36671180014377364,0.11001354004313209,0.2456154256442929
0.8790636699999936,22.09327974167729,0.3,4.0,0,-0.10195370791937784,-0.03058611237581335,0.2456154256442929
0.8980653820000271,22.57084485227676,0.3,4.0,0,-0.5477698586973914,-0.1643309576092174,0.2627513855729645
0.9170951309999964,23.049114609540453,0.3,4.0,0,-0.8713593295654276,-0.2614077988696283,0.2627513855729645
0.9361402320000138,23.527770204648697,0.3,4.0,0,-0.9994161018647776,-0.29982483055943326,0.2627513855729645
0.9551456660000213,24.005428859310367,0.3,4.0,0,-0.9032622203625198,-0.27097866610875593,-0.13708767942937278
0.9741489890000139,24.483034458754933,0.3,4.0,0,-0.6049529440398804,-0.18148588321196413,-0.13708767942937278
0.9931523309999761,24.960640535720817,0.3,4.0,0,-0.17125238526936482,-0.051375715580809445,-0.13708767942937278
1.0121717470000249,25.43865059637139,0.3,4.0,0,0.3011604484906898,0.09034813454720693,-0.2798873455016361
1.0312008100000298,25.916903112575493,0.3,4.0,0,0.7062320593964668,0.21186961781894004,-0.21134350578694971
1.0502066889999924,26.394572951305882,0.3,4.0,0,0.9526489157860477,0.2857946747358143,-0.21134350578694971
1.0692128829999774,26.872250706850327,0.3,4.0,0,0.9858016628751958,0.2957404988625587,0.005711986642890533
1.088245019999988,27.350580481101108,0.3,4.0,0,0.7978698965850315,0.23936096897550943,0.21134350578694971
1.1073507689999929,27.830760326699075,0.3,4.0,0,0.42916991888105177,0.12875097566431554,0.2913113187874172
1.1264328139999975,28.31034442579895,0.3,4.0,0,-0.03600276116123389,-0.010800828348370166,0.2913113187874172
1.1455980619999764,28.79201964436663,0.3,4.0,0,-0.494870468995233,-0.1484611406985699,0.2627513855729645
1.1647357370000009,29.273001877861557,0.3,4.0,0,-0.8407505534629147,-0.2522251660388744,0.2627513855729645
1.183772819000012,29.75145593351773,0.3,4.0,0,-0.9956157723727724,-0.29868473171183174,0.2627513855729645
1.2027781419999997,30.229111798444627,0.3,4.0,0,-0.9271804254155822,-0.2781541276246747,0.2627513855729645
1.2217777239999918,30.706623376304247,0.3,4.0,0,-0.6513051556056564,-0.19539154668169692,-0.27417535885874555
1.2407907140000134,31.184471933959,0.3,4.0,0,-0.2293935788767938,-0.06881807366303813,-0.27417535885874555
1.2598159080000073,31.66262721158701,0.3,4.0,0,0.24420586218441537,0.07326175865532461,-0.28559933214452665
1.2788165829999798,32.1401662595323,0.3,4.0,0,0.662566184645146,0.1987698553935438,-0.23419145235851183
1.2978172950000157,32.61770623739061,0.3,4.0,0,0.9326824982225813,0.27980474946677436,-0.23419145235851183
1.3168188960000293,33.095268558255306,0.3,4.0,0,0.9941146978613885,0.29823440935841655,-0.23419145235851183
1.335847182000009,33.57350154631884,0.3,4.0,0,0.8327285795917364,0.2498185738775209,0.13708767942937278
1.3548470229999907,34.05101963355817,0.3,4.0,0,0.48511926894358426,0.14553578068307527,0.2627513855729645
1.3738419210000075,34.52841348965849,0.3,4.0,0,0.029101590560986972,0.008730477168296091,0.2627513855729645
1.3928570030000174,35.0063146250076,0.3,4.0,0,-0.4338805722156537,-0.1301641716646961,0.2627513855729645
1.4119438440000067,35.486019260734025,0.3,4.0,0,-0.8007223311034412,-0.24021669933103235,0.16564761264382544
1.4310118889999899,35.96525150145616,0.3,4.0,0,-0.9867344966587697,-0.2960203489976309,0.16564761264382544
1.4500412869999764,36.443512437128106,0.3,4.0,0,-0.9507353511580835,-0.28522060534742505,-0.005711986642890533
1.4690718499999775,36.92180265244396,0.3,4.0,0,-0.7013639426720412,-0.21040918280161233,-0.23419145235851183
1.4881294510000203,37.4007724068182,0.3,4.0,0,-0.2939334028121788,-0.08818002084365363,-0.23419145235851183
1.507141367000031,37.8785939719086,0.3,4.0,0,0.17852004515836167,0.0535560135475085,-0.23419145235851183
1.526159210000003,38.35656449875528,0.3,4.0,0,0.6111024826790594,0.18333074480371783,-0.23419145235851183
1.545169632000011,38.834348515530216,0.3,4.0,0,0.9066340561289437,0.2719902168386831,-0.09139178628624853
1.5642104620000055,39.31289676870009,0.3,4.0,0,0.9990761324756741,0.2997228397427022,-0.09139178628624853
1.5832225500000163,39.79072265662199,0.3,4.0,0,0.8674141895833087,0.2602242568749926,0.11423973285781065
1.6022301579999976,40.268435949862436,0.3,4.0,0,0.5415405503081951,0.16246216509245853,0.2513274122871834
1.621235913000021,40.74610267213444,0.3,4.0,0,0.09446078107428253,0.028338234322284758,0.28559933214452665
1.6402609090000055,41.22425297347946,0.3,4.0,0,-0.3742134721680286,-0.11226404165040857,0.28559933214452665
1.659283424000023,41.70234092049431,0.3,4.0,0,-0.7589092119306828,-0.22767276357920485,0.28559933214452665
1.6782840679999822,42.17987918932428,0.3,4.0,0,-0.9732954188089082,-0.2919886256426725,0.05140787978601479
1.697291880000023,42.657597609645435,0.3,4.0,0,-0.9698707090918847,-0.29096121272756537,0.05140787978601479
1.716310098000008,43.135577561270416,0.3,4.0,0,-0.749111350746108,-0.2247334052238324,-0.18278357257249706
1.7353153720000023,43.61323219469316,0.3,4.0,0,-0.360743506513264,-0.10822305195397919,-0.28559933214452665
1.754316201999984,44.09077513821357,0.3,4.0,0,0.10826536111759281,0.03247960833527784,-0.28559933214452665
1.7733309390000045,44.56866760276722,0.3,4.0,0,0.5533414262395806,0.16600242787187416,-0.28559933214452665
1.7923569530000236,45.04684348924367,0.3,4.0,0,0.8745690374650692,0.26237071123952077,-0.1256637061435917
1.811370523999983,45.524706649019514,0.3,4.0,0,0.9995971210519414,0.29987913631558244,-0.1256637061435917
1.8303806310000255,46.002482748981826,0.3,4.0,0,0.9007125800690778,0.27021377402072333,-0.1256637061435917
1.8493777570000134,46.47993260082888,0.3,4.0,0,0.6003648129605543,0.1801094438881663,-0.1256637061435917
1.8683983829999988,46.957973072094745,0.3,4.0,0,0.1651565428724877,0.04954696286174631,-0.1256637061435917
1.887438545000009,47.43650453659388,0.3,4.0,0,-0.30754768856126086,-0.09226430656837825,-0.1256637061435917
1.9064836709999895,47.915160760019724,0.3,4.0,0,-0.7112472549981621,-0.21337417649944862,0.257039398930074
1.925516612000024,48.393510740995055,0.3,4.0,0,-0.9549884778961706,-0.28649654336885116,0.07996781300046746
1.944529736999982,48.87136269156828,0.3,4.0,0,-0.9844332521790187,-0.2953299756537056,0.07996781300046746
1.9635487340000282,49.34936222160021,0.3,4.0,0,-0.7932451986827581,-0.2379735596048274,-0.13137569278648226
1.9825761740000303,49.827573947365224,0.3,4.0,0,-0.42404625585455147,-0.12721387675636545,-0.28559933214452665
2.0016012629999977,50.30572658605474,0.3,4.0,0,0.04023326633374498,0.012069979900123493,-0.28559933214452665
2.0206242040000006,50.78382523961699,0.3,4.0,0,0.4954412907847632,0.14863238723542896,-0.28559933214452665
2.039693607000004,51.26309161060221,0.3,4.0,0,0.8401768009954714,0.2520530402986414,-0.17135959928671599
2.0587052139999855,51.74090540967484,0.3,4.0,0,0.9954554061127997,0.2986366218338399,-0.17135959928671599
2.077725229000009,52.21893052483677,0.3,4.0,0,0.9276777868024335,0.27830333604073004,-0.17135959928671599
2.0967349840000225,52.696697778073435,0.3,4.0,0,0.6521198795367971,0.19563596386103912,-0.17135959928671599
2.115764258000013,53.174955597285575,0.3,4.0,0,0.23004070921741504,0.06901221276522451,0.3027352920731982
2.1347704209999847,53.652632573714705,0.3,4.0,0,-0.24309710243271793,-0.07292913072981537,0.3027352920731982
2.1537717880000287,54.13018901351872,0.3,4.0,0,-0.6617225210993644,-0.1985167563298093,0.27417535885874555
2.1728026729999783,54.60848732157595,0.3,4.0,0,-0.9325498818400613,-0.2797649645520184,0.13708767942937278
2.1918225580000126,55.08650916948179,0.3,4.0,0,-0.9941047231347361,-0.2982314169404208,0.13708767942937278
2.210828943000024,55.564191725380475,0.3,4.0,0,-0.8329822974778629,-0.24989468924335886,0.13708767942937278
2.229828347000023,56.04169882961232,0.3,4.0,0,-0.48552966307879153,-0.14565889892363745,-0.27417535885874555
2.248839509999982,56.51950146974728,0.3,4.0,0,-0.029162159882800416,-0.008748647964840124,-0.2913113187874172
2.2678580610000267,56.99748979057659,0.3,4.0,0,0.4339045292618334,0.13017135877855002,-0.2913113187874172
2.286870706000002,57.47532967743445,0.3,4.0,0,0.7996198564851604,0.23988595694554812,-0.2913113187874172
2.305912906000003,57.95391236245998,0.3,4.0,0,0.986327582449382,0.2958982747348146,0.011423973285781066
2.3249286610000013,58.43183041214364,0.3,4.0,0,0.9516090377011617,0.28548271131034847,0.14279966607226333
2.3439486390000184,58.90985459739399,0.3,4.0,0,0.7035678647900788,0.21107035943702365,0.14279966607226333
2.362956283000017,59.38756879541355,0.3,4.0,0,0.2980905385284336,0.08942716155853007,0.2627513855729645
2.3819647789999863,59.86530440652791,0.3,4.0,0,-0.1741514538930528,-0.05224543616791584,0.27417535885874555
2.400989239000012,60.34344123672466,0.3,4.0,0,-0.60771553803849,-0.18231466141154698,0.27417535885874555
2.4200396229999797,60.82222960810357,0.3,4.0,0,-0.9052506094962688,-0.2715751828488806,0.16564761264382544
2.4390643790000013,61.30037387759162,0.3,4.0,0,-0.9992271811044513,-0.29976815433133536,-0.045695893143124264
2.4580697079999823,61.778029893314795,0.3,4.0,0,-0.8693191844608178,-0.26079575533824534,-0.045695893143124264
2.477073185999984,62.25563938833449,0.3,4.0,0,-0.5448529037101925,-0.16345587111305773,-0.23990343900140237
2.496115367000016,62.7342215958387,0.3,4.0,0,-0.09747644753419984,-0.02924293426025995,-0.23990343900140237
2.515133734000017,63.21220529224252,0.3,4.0,0,0.37124754107090147,0.11137426232127044,-0.23990343900140237
2.5341449009999906,63.690008032908814,0.3,4.0,0,0.756637501166597,0.22699125034997908,-0.23990343900140237
2.5531434029999787,64.1674924674078,0.3,4.0,0,0.9724777890323836,0.2917433367097151,-0.23990343900140237
2.5721553500000027,64.64531481161352,0.3,4.0,0,0.9707009495285844,0.2912102848585753,-0.23990343900140237
2.5911678150000057,65.12315017457865,0.3,4.0,0,0.7514754308765516,0.22544262926296546,-0.23990343900140237
2.610190873000022,65.60125176867196,0.3,4.0,0,0.3636600458554093,0.10909801375662279,0.257039398930074
2.62919602300002,66.0789032856349,0.3,4.0,0,-0.10526219810659232,-0.03157865943197769,0.2970233054303077
2.648247524999988,66.5577197554185,0.3,4.0,0,-0.5515939869343096,-0.16547819608029288,0.2970233054303077
2.6672794159999853,67.03604334701461,0.3,4.0,0,-0.8736224424425749,-0.26208673273277244,0.2970233054303077
2.6862780850000263,67.51353197868272,0.3,4.0,0,-0.9995284827522912,-0.29985854482568736,0.022847946571562132
2.7052779019999775,67.9910494627355,0.3,4.0,0,-0.901831177409826,-0.27054935322294776,0.022847946571562132
2.724293607999982,68.46896628091501,0.3,4.0,0,-0.6020548061531796,-0.18061644184595388,0.022847946571562132
2.7432930740000074,68.94647494337748,0.3,4.0,0,-0.16776631899041966,-0.0503298956971259,0.022847946571562132
2.762289428000031,69.4239053927492,0.3,4.0,0,0.3039794600613851,0.09119383801841553,-0.27417535885874555
2.7812879670000257,69.90139075715979,0.3,4.0,0,0.7077811909111912,0.21233435727335734,-0.27417535885874555
2.8003110619999916,70.37949328116326,0.3,4.0,0,0.9534432738484673,0.28603298215454015,-0.27417535885874555
2.819310212000005,70.8569940016792,0.3,4.0,0,0.9853879722517412,0.29561639167552234,0.09710377292913905
2.8383110849999866,71.33453802590748,0.3,4.0,0,0.796867862095687,0.23906035862870612,0.09710377292913905
2.857310180000013,71.81203736412299,0.3,4.0,0,0.4300910855778508,0.12902732567335523,0.23990343900140237
2.8763503119999996,72.29056807463928,0.3,4.0,0,-0.03393052810483621,-0.010179158431450864,0.23990343900140237
2.895351054999992,72.76810883161147,0.3,4.0,0,-0.4894664543518518,-0.14683993630555553,0.23990343900140237
2.9143681310000034,73.24606008164663,0.3,4.0,0,-0.8357125673716685,-0.25071377021150054,0.23990343900140237
2.9333738930000095,73.7237269798474,0.3,4.0,0,-0.9946279323984561,-0.29838837971953686,0.05140787978601479
2.9523948949999976,74.20177690102403,0.3,4.0,0,-0.9307456700683043,-0.27922370102049127,-0.17135959928671599
2.9713968049999835,74.67934698790508,0.3,4.0,0,-0.6585397514498447,-0.1975619254349534,-0.17135959928671599
2.99040667700001,75.1571171816728,0.3,4.0,0,-0.23877727051490513,-0.07163318115447154,-0.28559933214452665
