time_s,phase,amp_rad,freq_hz,motor_idx,signal,command_rad,actual_rad,actual_vel
0.0,0.12566370614359174,0.3,1.0,5,0.12533323356430426,0.03759997006929128,2.47955322265625e-05,-7.598090451210737e-05
0.02,0.25132741228718347,0.3,1.0,5,0.2486898871648548,0.07460696614945643,3.463029861450195e-05,-0.0009053095709532499
0.04,0.3769911184307752,0.3,1.0,5,0.368124552684678,0.11043736580540339,4.094839096069336e-05,-0.0002617207355797291
0.06,0.5026548245743669,0.3,1.0,5,0.4817536741017153,0.1445261022305146,0.014228641986846924,0.7800483703613281
0.08,0.6283185307179586,0.3,1.0,5,0.5877852522924731,0.17633557568774194,0.039856553077697754,1.1703152656555176
0.1,0.7539822368615503,0.3,1.0,5,0.6845471059286886,0.20536413177860657,0.07081407308578491,1.3374708890914917
0.12000000000000001,0.879645943005142,0.3,1.0,5,0.7705132427757891,0.23115397283273673,0.10380643606185913,1.3916486501693726
0.14,1.0053096491487337,0.3,1.0,5,0.844327925502015,0.2532983776506045,0.13664919137954712,1.3563063144683838
0.16,1.1309733552923253,0.3,1.0,5,0.9048270524660195,0.2714481157398058,0.16795241832733154,1.2785139083862305
0.18,1.256637061435917,0.3,1.0,5,0.9510565162951535,0.285316954888546,0.19693797826766968,1.1692090034484863
0.19999999999999998,1.3823007675795087,0.3,1.0,5,0.9822872507286886,0.29468617521860657,0.2229955792427063,1.0353972911834717
0.21999999999999997,1.5079644737231004,0.3,1.0,5,0.9980267284282716,0.2994080185284815,0.24550646543502808,0.8862722516059875
0.23999999999999996,1.633628179866692,0.3,1.0,5,0.9980267284282716,0.2994080185284815,0.264137327671051,0.7233527302742004
0.25999999999999995,1.7592918860102837,0.3,1.0,5,0.9822872507286887,0.2946861752186066,0.27857619524002075,0.5499862432479858
0.27999999999999997,1.8849555921538754,0.3,1.0,5,0.9510565162951538,0.28531695488854614,0.2884780764579773,0.37282654643058777
0.3,2.0106192982974673,0.3,1.0,5,0.9048270524660197,0.2714481157398059,0.29375404119491577,0.19249778985977173
0.32,2.1362830044410592,0.3,1.0,5,0.8443279255020152,0.25329837765060453,0.2943611741065979,0.01021350733935833
0.34,2.261946710584651,0.3,1.0,5,0.7705132427757893,0.23115397283273675,0.29033130407333374,-0.17226698994636536
0.36000000000000004,2.387610416728243,0.3,1.0,5,0.6845471059286885,0.20536413177860655,0.28185147047042847,-0.35657766461372375
0.38000000000000006,2.513274122871835,0.3,1.0,5,0.5877852522924728,0.17633557568774183,0.2689942717552185,-0.5375386476516724
0.4000000000000001,2.638937829015427,0.3,1.0,5,0.4817536741017148,0.14452610223051443,0.25200730562210083,-0.7138288021087646
0.4200000000000001,2.7646015351590187,0.3,1.0,5,0.3681245526846773,0.11043736580540318,0.2311343550682068,-0.8819162249565125
0.4400000000000001,2.8902652413026106,0.3,1.0,5,0.24868988716485396,0.07460696614945618,0.20664364099502563,-1.037134051322937
0.46000000000000013,3.0159289474462025,0.3,1.0,5,0.1253332335643032,0.03759997006929096,0.17889320850372314,-1.17589271068573
0.48000000000000015,3.1415926535897944,0.3,1.0,5,-1.2098029496354525e-15,-3.6294088489063575e-16,0.14830344915390015,-1.2954721450805664
0.5000000000000001,3.2672563597333864,0.3,1.0,5,-0.12533323356430562,-0.03759997006929169,0.11537688970565796,-1.3944058418273926
0.5200000000000001,3.3929200658769783,0.3,1.0,5,-0.2486898871648563,-0.07460696614945689,0.08101123571395874,-1.4814276695251465
0.5400000000000001,3.51858377202057,0.3,1.0,5,-0.3681245526846796,-0.11043736580540388,0.045094311237335205,-1.526474952697754
0.5600000000000002,3.644247478164162,0.3,1.0,5,-0.48175367410171693,-0.14452610223051507,0.008332967758178711,-1.5558722019195557
0.5800000000000002,3.769911184307754,0.3,1.0,5,-0.5877852522924748,-0.17633557568774244,-0.028906285762786865,-1.563192367553711
0.6000000000000002,3.895574890451346,0.3,1.0,5,-0.6845471059286903,-0.20536413177860707,-0.06570613384246826,-1.5299900770187378
0.6200000000000002,4.021238596594937,0.3,1.0,5,-0.7705132427757905,-0.23115397283273714,-0.10138511657714844,-1.4755727052688599
0.6400000000000002,4.146902302738529,0.3,1.0,5,-0.8443279255020162,-0.25329837765060487,-0.13543623685836792,-1.3989180326461792
0.6600000000000003,4.272566008882121,0.3,1.0,5,-0.9048270524660205,-0.27144811573980615,-0.16735631227493286,-1.2999974489212036
0.6800000000000003,4.398229715025713,0.3,1.0,5,-0.9510565162951543,-0.2853169548885463,-0.19665342569351196,-1.180019497871399
0.7000000000000003,4.523893421169305,0.3,1.0,5,-0.9822872507286892,-0.29468617521860674,-0.2228642702102661,-1.0409977436065674
0.7200000000000003,4.649557127312897,0.3,1.0,5,-0.9980267284282718,-0.29940801852848153,-0.23500007390975952,-1.4128852399153402e-06
0.7400000000000003,4.775220833456489,0.3,1.0,5,-0.9980267284282713,-0.29940801852848137,-0.23500007390975952,5.006833362131147e-06
0.7600000000000003,4.900884539600081,0.3,1.0,5,-0.982287250728688,-0.2946861752186064,-0.23500007390975952,2.568135869296384e-06
0.7800000000000004,5.0265482457436725,0.3,1.0,5,-0.9510565162951525,-0.28531695488854575,-0.23500007390975952,6.554674655490089e-06
0.8000000000000004,5.152211951887264,0.3,1.0,5,-0.904827052466018,-0.2714481157398054,-0.23500007390975952,7.864501640142407e-06
0.8200000000000004,5.277875658030856,0.3,1.0,5,-0.8443279255020131,-0.2532983776506039,-0.23500007390975952,-2.8483318601502106e-06
0.8400000000000004,5.403539364174448,0.3,1.0,5,-0.7705132427757868,-0.23115397283273603,-0.23500007390975952,5.006375431548804e-06
0.8600000000000004,5.52920307031804,0.3,1.0,5,-0.6845471059286857,-0.2053641317786057,-0.23500007390975952,3.5202058370487066e-06
0.8800000000000004,5.654866776461632,0.3,1.0,5,-0.5877852522924697,-0.17633557568774091,-0.23500007390975952,5.69651956539019e-06
0.9000000000000005,5.780530482605224,0.3,1.0,5,-0.48175367410171144,-0.14452610223051343,-0.23327744007110596,0.07231251895427704
0.9200000000000005,5.906194188748816,0.3,1.0,5,-0.3681245526846737,-0.1104373658054021,-0.22162997722625732,0.5558640956878662
0.9400000000000005,6.031857894892408,0.3,1.0,5,-0.2486898871648502,-0.07460696614945506,-0.20183122158050537,0.8714585900306702
0.9600000000000005,6.157521601036,0.3,1.0,5,-0.12533323356429937,-0.03759997006928981,-0.17646539211273193,1.0917596817016602
0.9800000000000005,6.283185307179592,0.3,1.0,5,5.084141158371281e-15,1.5252423475113843e-15,-0.1470959186553955,1.2530897855758667
1.0000000000000004,6.4088490133231835,0.3,1.0,5,0.12533323356430945,0.03759997006929283,-0.11479836702346802,1.3738694190979004
1.0200000000000005,6.534512719466775,0.3,1.0,5,0.24868988716486004,0.07460696614945801,-0.08035165071487427,1.4613184928894043
1.0400000000000005,6.660176425610367,0.3,1.0,5,0.3681245526846832,0.11043736580540496,-0.04443049430847168,1.5187338590621948
1.0600000000000005,6.785840131753959,0.3,1.0,5,0.4817536741017203,0.1445261022305161,-0.007679283618927002,1.5261809825897217
1.0800000000000005,6.911503837897551,0.3,1.0,5,0.5877852522924779,0.17633557568774336,0.028865814208984375,1.5465229749679565
1.1000000000000005,7.037167544041143,0.3,1.0,5,0.6845471059286932,0.20536413177860793,0.06532394886016846,1.5255252122879028
1.1200000000000006,7.162831250184735,0.3,1.0,5,0.7705132427757933,0.23115397283273798,0.10098934173583984,1.4874005317687988
1.1400000000000006,7.288494956328327,0.3,1.0,5,0.8443279255020185,0.25329837765060553,0.135215163230896,1.4053690433502197
1.1600000000000006,7.414158662471919,0.3,1.0,5,0.9048270524660224,0.2714481157398067,0.1672244668006897,1.3034132719039917
1.1800000000000006,7.539822368615511,0.3,1.0,5,0.9510565162951556,0.2853169548885467,0.19656717777252197,1.1818653345108032
1.2000000000000006,7.6654860747591025,0.3,1.0,5,0.9822872507286899,0.29468617521860696,0.2228044867515564,1.0418776273727417
1.2200000000000006,7.791149780902694,0.3,1.0,5,0.998026728428272,0.2994080185284816,0.24540632963180542,0.8895987272262573
1.2400000000000007,7.916813487046286,0.3,1.0,5,0.9980267284282711,0.2994080185284813,0.2640834450721741,0.725197434425354
1.2600000000000007,8.042477193189878,0.3,1.0,5,0.9822872507286873,0.2946861752186062,0.27855223417282104,0.5508620738983154
1.2800000000000007,8.16814089933347,0.3,1.0,5,0.9510565162951514,0.2853169548885454,0.28846341371536255,0.3734189569950104
1.3000000000000007,8.29380460547706,0.3,1.0,5,0.9048270524660169,0.27144811573980504,0.2937501072883606,0.19261252880096436
1.3200000000000007,8.419468311620651,0.3,1.0,5,0.8443279255020122,0.25329837765060365,0.29436081647872925,0.01021318044513464
1.3400000000000007,8.545132017764242,0.3,1.0,5,0.7705132427757863,0.23115397283273587,0.2903311848640442,-0.17225123941898346
1.3600000000000008,8.670795723907833,0.3,1.0,5,0.6845471059286858,0.20536413177860574,0.2818513512611389,-0.3565759062767029
1.3800000000000008,8.796459430051424,0.3,1.0,5,0.5877852522924706,0.17633557568774116,0.26899439096450806,-0.5375465154647827
1.4000000000000008,8.922123136195015,0.3,1.0,5,0.4817536741017131,0.14452610223051393,0.2520074248313904,-0.7138175964355469
1.4200000000000008,9.047786842338606,0.3,1.0,5,0.3681245526846763,0.11043736580540289,0.23113447427749634,-0.8819102644920349
1.4400000000000008,9.173450548482197,0.3,1.0,5,0.24868988716485377,0.07460696614945612,0.20664358139038086,-1.0371371507644653
1.4600000000000009,9.299114254625788,0.3,1.0,5,0.1253332335643039,0.037599970069291166,0.17889314889907837,-1.175856590270996
1.4800000000000009,9.42477796076938,0.3,1.0,5,3.6739403974420594e-16,1.1021821192326178e-16,0.1483030915260315,-1.2954885959625244
1.5000000000000009,9.55044166691297,0.3,1.0,5,-0.12533323356430318,-0.03759997006929095,0.1153765320777893,-1.3944884538650513
1.520000000000001,9.676105373056561,0.3,1.0,5,-0.24868988716485305,-0.07460696614945592,0.08101284503936768,-1.4811311960220337
1.540000000000001,9.801769079200152,0.3,1.0,5,-0.36812455268467564,-0.11043736580540268,0.045111119747161865,-1.5268776416778564
1.560000000000001,9.927432785343743,0.3,1.0,5,-0.48175367410171244,-0.14452610223051374,0.00833141803741455,-1.5544148683547974
1.580000000000001,10.053096491487334,0.3,1.0,5,-0.5877852522924699,-0.17633557568774097,-0.028910398483276367,-1.5630499124526978
1.600000000000001,10.178760197630925,0.3,1.0,5,-0.6845471059286853,-0.20536413177860557,-0.06570816040039062,-1.5299127101898193
1.620000000000001,10.304423903774516,0.3,1.0,5,-0.7705132427757858,-0.23115397283273573,-0.1013866662979126,-1.4755275249481201
1.640000000000001,10.430087609918107,0.3,1.0,5,-0.8443279255020119,-0.25329837765060353,-0.13543707132339478,-1.3988908529281616
1.660000000000001,10.555751316061698,0.3,1.0,5,-0.9048270524660166,-0.271448115739805,-0.16735631227493286,-1.2999950647354126
1.680000000000001,10.68141502220529,0.3,1.0,5,-0.9510565162951512,-0.28531695488854536,-0.1966535449028015,-1.1800217628479004
1.700000000000001,10.80707872834888,0.3,1.0,5,-0.9822872507286872,-0.29468617521860613,-0.2228642702102661,-1.0409926176071167
1.720000000000001,10.932742434492472,0.3,1.0,5,-0.998026728428271,-0.2994080185284813,-0.23500001430511475,5.0671064855123404e-06
1.740000000000001,11.058406140636063,0.3,1.0,5,-0.9980267284282721,-0.29940801852848165,-0.23500001430511475,8.011369573068805e-06
1.7600000000000011,11.184069846779654,0.3,1.0,5,-0.9822872507286906,-0.2946861752186072,-0.23500001430511475,9.323435733676888e-06
1.7800000000000011,11.309733552923245,0.3,1.0,5,-0.951056516295157,-0.2853169548885471,-0.23500001430511475,2.338838385185227e-06
1.8000000000000012,11.435397259066836,0.3,1.0,5,-0.9048270524660246,-0.27144811573980737,-0.23500001430511475,1.9451551906968234e-06
1.8200000000000012,11.561060965210427,0.3,1.0,5,-0.8443279255020218,-0.25329837765060653,-0.23500001430511475,6.273407052503899e-06
1.8400000000000012,11.686724671354018,0.3,1.0,5,-0.7705132427757977,-0.2311539728327393,-0.23500001430511475,8.526987585355528e-06
1.8600000000000012,11.812388377497609,0.3,1.0,5,-0.6845471059286988,-0.20536413177860965,-0.23500001430511475,2.0744969333463814e-06
1.8800000000000012,11.9380520836412,0.3,1.0,5,-0.587785252292485,-0.1763355756877455,-0.23500001430511475,1.447834165446693e-06
1.9000000000000012,12.06371578978479,0.3,1.0,5,-0.48175367410172876,-0.14452610223051862,-0.23327744007110596,0.07232733815908432
1.9200000000000013,12.189379495928382,0.3,1.0,5,-0.36812455268469296,-0.11043736580540789,-0.22163009643554688,0.5558698773384094
1.9400000000000013,12.315043202071973,0.3,1.0,5,-0.2486898871648711,-0.07460696614946133,-0.20183145999908447,0.8714566826820374
1.9600000000000013,12.440706908215564,0.3,1.0,5,-0.12533323356432163,-0.03759997006929649,-0.17646563053131104,1.0917631387710571
1.9800000000000013,12.566370614359155,0.3,1.0,5,-1.8253427113661445e-14,-5.476028134098433e-15,-0.1470959186553955,1.2530769109725952
2.0000000000000013,12.692034320502746,0.3,1.0,5,0.1253332335642854,0.03759997006928562,-0.11479860544204712,1.373874306678772
2.0200000000000014,12.817698026646337,0.3,1.0,5,0.24868988716483573,0.07460696614945071,-0.0803518295288086,1.4613271951675415
2.0400000000000014,12.943361732789928,0.3,1.0,5,0.368124552684659,0.11043736580539769,-0.044430434703826904,1.5187344551086426
2.0600000000000014,13.069025438933519,0.3,1.0,5,0.4817536741016968,0.14452610223050902,-0.007680177688598633,1.535245418548584
2.0800000000000014,13.19468914507711,0.3,1.0,5,0.5877852522924555,0.17633557568773664,0.02886664867401123,1.5465360879898071
2.1000000000000014,13.3203528512207,0.3,1.0,5,0.6845471059286722,0.20536413177860166,0.06532400846481323,1.5256125926971436
2.1200000000000014,13.446016557364292,0.3,1.0,5,0.7705132427757744,0.2311539728327323,0.10099011659622192,1.487418532371521
2.1400000000000015,13.571680263507883,0.3,1.0,5,0.8443279255020022,0.25329837765060065,0.13521546125411987,1.405348300933838
2.1600000000000015,13.697343969651474,0.3,1.0,5,0.904827052466009,0.2714481157398027,0.1672247052192688,1.3034107685089111
2.1800000000000015,13.823007675795065,0.3,1.0,5,0.9510565162951458,0.2853169548885437,0.1965673565864563,1.1818480491638184
2.2000000000000015,13.948671381938656,0.3,1.0,5,0.9822872507286838,0.29468617521860513,0.22280460596084595,1.0418760776519775
2.2200000000000015,14.074335088082247,0.3,1.0,5,0.9980267284282699,0.299408018528481,0.24540644884109497,0.8896045088768005
2.2400000000000015,14.199998794225838,0.3,1.0,5,0.9980267284282733,0.299408018528482,0.2640835642814636,0.7252016067504883
2.2600000000000016,14.325662500369429,0.3,1.0,5,0.9822872507286939,0.2946861752186082,0.27855247259140015,0.5508742332458496
2.2800000000000016,14.45132620651302,0.3,1.0,5,0.9510565162951625,0.28531695488854875,0.2884635329246521,0.37341028451919556
2.3000000000000016,14.576989912656611,0.3,1.0,5,0.9048270524660321,0.27144811573980965,0.2937501072883606,0.19261470437049866
2.3200000000000016,14.702653618800202,0.3,1.0,5,0.8443279255020314,0.2532983776506094,0.29436081647872925,0.010214320383965969
2.3400000000000016,14.828317324943793,0.3,1.0,5,0.7705132427758091,0.23115397283274272,0.290330708026886,-0.17225228250026703
2.3600000000000017,14.953981031087384,0.3,1.0,5,0.6845471059287119,0.20536413177861357,0.2818508744239807,-0.35654783248901367
2.3800000000000017,15.079644737230975,0.3,1.0,5,0.5877852522924994,0.17633557568774982,0.2689937949180603,-0.5375236868858337
2.4000000000000017,15.205308443374566,0.3,1.0,5,0.4817536741017444,0.1445261022305233,0.2520069479942322,-0.7138211727142334
2.4200000000000017,15.330972149518157,0.3,1.0,5,0.36812455268470956,0.11043736580541287,0.2311343550682068,-0.8819080591201782
2.4400000000000017,15.456635855661748,0.3,1.0,5,0.2486898871648884,0.07460696614946652,0.20664334297180176,-1.0371249914169312
2.4600000000000017,15.582299561805339,0.3,1.0,5,0.1253332335643394,0.03759997006930182,0.17889320850372314,-1.1758718490600586
2.4800000000000018,15.70796326794893,0.3,1.0,5,3.6139460187578685e-14,1.0841838056273606e-14,0.14830344915390015,-1.295475959777832
2.5000000000000018,15.833626974092521,0.3,1.0,5,-0.12533323356426768,-0.0375999700692803,0.1153765320777893,-1.394485354423523
2.520000000000002,15.959290680236112,0.3,1.0,5,-0.2486898871648184,-0.07460696614944552,0.08100903034210205,-1.4810963869094849
2.540000000000002,16.084954386379703,0.3,1.0,5,-0.36812455268464234,-0.11043736580539269,0.04511195421218872,-1.52644944190979
2.560000000000002,16.210618092523294,0.3,1.0,5,-0.4817536741016811,-0.14452610223050433,0.008337557315826416,-1.5560122728347778
2.580000000000002,16.336281798666885,0.3,1.0,5,-0.587785252292441,-0.1763355756877323,-0.028902649879455566,-1.5633041858673096
2.600000000000002,16.461945504810476,0.3,1.0,5,-0.6845471059286592,-0.20536413177859775,-0.06570476293563843,-1.5300586223602295
2.620000000000002,16.587609210954067,0.3,1.0,5,-0.770513242775763,-0.2311539728327289,-0.10138416290283203,-1.4756008386611938
2.640000000000002,16.713272917097658,0.3,1.0,5,-0.8443279255019926,-0.25329837765059776,-0.13543576002120972,-1.3989334106445312
2.660000000000002,16.83893662324125,0.3,1.0,5,-0.9048270524660014,-0.2714481157398004,-0.1673559546470642,-1.3000171184539795
2.680000000000002,16.96460032938484,0.3,1.0,5,-0.9510565162951402,-0.28531695488854203,-0.19665312767028809,-1.1800321340560913
2.700000000000002,17.09026403552843,0.3,1.0,5,-0.9822872507286804,-0.29468617521860413,-0.2228640913963318,-1.04100501537323
2.720000000000002,17.215927741672022,0.3,1.0,5,-0.9980267284282688,-0.29940801852848065,-0.23500001430511475,3.4977583709405735e-06
2.740000000000002,17.341591447815613,0.3,1.0,5,-0.9980267284282744,-0.2994080185284823,-0.23500001430511475,1.0424014362797607e-06
2.760000000000002,17.467255153959204,0.3,1.0,5,-0.9822872507286974,-0.2946861752186092,-0.23500001430511475,3.899983767041704e-06
2.780000000000002,17.592918860102795,0.3,1.0,5,-0.9510565162951681,-0.2853169548885504,-0.23500001430511475,3.38597601512447e-06
2.800000000000002,17.718582566246386,0.3,1.0,5,-0.9048270524660398,-0.2714481157398119,-0.23500001430511475,2.7991782189928927e-06
2.820000000000002,17.844246272389977,0.3,1.0,5,-0.8443279255020409,-0.25329837765061225,-0.23500001430511475,4.4734138100466225e-06
2.840000000000002,17.96990997853357,0.3,1.0,5,-0.7705132427758205,-0.23115397283274614,-0.23500001430511475,6.180334821692668e-06
2.860000000000002,18.09557368467716,0.3,1.0,5,-0.6845471059287249,-0.20536413177861748,-0.23500001430511475,3.4673714708333137e-06
2.880000000000002,18.22123739082075,0.3,1.0,5,-0.587785252292514,-0.17633557568775418,-0.23500001430511475,2.278093234053813e-06
2.900000000000002,18.34690109696434,0.3,1.0,5,-0.4817536741017601,-0.14452610223052803,-0.23327749967575073,0.07230114936828613
2.920000000000002,18.472564803107932,0.3,1.0,5,-0.3681245526847262,-0.11043736580541787,-0.22162991762161255,0.5558654069900513
2.940000000000002,18.598228509251523,0.3,1.0,5,-0.24868988716490573,-0.07460696614947171,-0.20183128118515015,0.8714419603347778
2.960000000000002,18.723892215395114,0.3,1.0,5,-0.12533323356435713,-0.03759997006930714,-0.1764654517173767,1.0917524099349976
2.980000000000002,18.849555921538705,0.3,1.0,5,-5.4025493261495925e-14,-1.6207647978448776e-14,-0.14709579944610596,1.2530769109725952
0.0,0.25132741228718347,0.3,2.0,5,0.2486898871648548,0.07460696614945643,2.47955322265625e-05,-7.598090451210737e-05
0.02,0.5026548245743669,0.3,2.0,5,0.4817536741017153,0.1445261022305146,3.463029861450195e-05,-0.0009053095709532499
0.04,0.7539822368615504,0.3,2.0,5,0.6845471059286887,0.2053641317786066,4.094839096069336e-05,-0.0002617207355797291
0.06,1.0053096491487339,0.3,2.0,5,0.8443279255020151,0.25329837765060453,0.025330781936645508,1.667429804801941
0.08,1.2566370614359172,0.3,2.0,5,0.9510565162951535,0.285316954888546,0.0763775110244751,2.313650608062744
0.1,1.5079644737231006,0.3,2.0,5,0.9980267284282716,0.2994080185284815,0.13471490144729614,2.4150590896606445
0.12000000000000001,1.759291886010284,0.3,2.0,5,0.9822872507286887,0.2946861752186066,0.18987709283828735,2.1678273677825928
0.14,2.0106192982974673,0.3,2.0,5,0.9048270524660197,0.2714481157398059,0.2351803183555603,1.713517427444458
0.16,2.2619467105846507,0.3,2.0,5,0.7705132427757895,0.23115397283273684,0.2661789059638977,1.1353553533554077
0.18,2.513274122871834,0.3,2.0,5,0.5877852522924736,0.17633557568774208,0.27996426820755005,0.5025649070739746
0.19999999999999998,2.7646015351590174,0.3,2.0,5,0.36812455268467853,0.11043736580540356,0.27665382623672485,-0.17885442078113556
0.21999999999999997,3.0159289474462008,0.3,2.0,5,0.12533323356430498,0.03759997006929149,0.25702255964279175,-0.8853241801261902
0.23999999999999996,3.267256359733384,0.3,2.0,5,-0.12533323356430343,-0.03759997006929103,0.22206753492355347,-1.5644819736480713
0.25999999999999995,3.5185837720205675,0.3,2.0,5,-0.3681245526846771,-0.11043736580540313,0.17336571216583252,-2.1524667739868164
0.27999999999999997,3.769911184307751,0.3,2.0,5,-0.5877852522924722,-0.17633557568774166,0.11364686489105225,-2.6002237796783447
0.3,4.021238596594935,0.3,2.0,5,-0.7705132427757888,-0.23115397283273664,0.047280728816986084,-2.8815431594848633
0.32,4.2725660088821185,0.3,2.0,5,-0.9048270524660194,-0.2714481157398058,-0.023622214794158936,-2.96915602684021
0.34,4.523893421169302,0.3,2.0,5,-0.9822872507286887,-0.2946861752186066,-0.09338116645812988,-2.8369789123535156
0.36000000000000004,4.775220833456486,0.3,2.0,5,-0.9980267284282716,-0.2994080185284815,-0.15726947784423828,-2.5267748832702637
0.38000000000000006,5.02654824574367,0.3,2.0,5,-0.9510565162951533,-0.28531695488854597,-0.21113044023513794,-2.062788248062134
0.4000000000000001,5.277875658030854,0.3,2.0,5,-0.8443279255020145,-0.25329837765060437,-0.23500007390975952,2.3597071958647575e-06
0.4200000000000001,5.5292030703180375,0.3,2.0,5,-0.6845471059286876,-0.20536413177860627,-0.23500007390975952,1.3575579941971228e-05
0.4400000000000001,5.780530482605221,0.3,2.0,5,-0.48175367410171377,-0.14452610223051413,-0.23500007390975952,4.58017075288808e-06
0.46000000000000013,6.031857894892405,0.3,2.0,5,-0.24868988716485277,-0.07460696614945583,-0.23500007390975952,6.8200538407836575e-06
0.48000000000000015,6.283185307179589,0.3,2.0,5,2.419605899270905e-15,7.258817697812715e-16,-0.2219180464744568,0.565714418888092
0.5000000000000001,6.534512719466773,0.3,2.0,5,0.24868988716485746,0.07460696614945724,-0.19006651639938354,1.5568550825119019
0.5200000000000001,6.7858401317539565,0.3,2.0,5,0.481753674101718,0.1445261022305154,-0.1403762698173523,2.2484796047210693
0.5400000000000001,7.03716754404114,0.3,2.0,5,0.6845471059286912,0.20536413177860735,-0.07870042324066162,2.6905460357666016
0.5600000000000002,7.288494956328324,0.3,2.0,5,0.8443279255020171,0.2532983776506051,-0.010273933410644531,2.900017499923706
0.5800000000000002,7.539822368615508,0.3,2.0,5,0.9510565162951549,0.28531695488854647,0.05929374694824219,2.8998188972473145
0.6000000000000002,7.791149780902692,0.3,2.0,5,0.9980267284282719,0.29940801852848153,0.126320481300354,2.7020745277404785
0.6200000000000002,8.042477193189875,0.3,2.0,5,0.9822872507286879,0.29468617521860635,0.18567931652069092,2.3113768100738525
0.6400000000000002,8.293804605477058,0.3,2.0,5,0.9048270524660177,0.2714481157398053,0.23304146528244019,1.7867273092269897
0.6600000000000003,8.545132017764242,0.3,2.0,5,0.7705132427757863,0.23115397283273587,0.26508229970932007,1.1728898286819458
0.6800000000000003,8.796459430051426,0.3,2.0,5,0.5877852522924691,0.17633557568774075,0.27939945459365845,0.5219087600708008
0.7000000000000003,9.04778684233861,0.3,2.0,5,0.368124552684673,0.1104373658054019,0.2763630747795105,-0.1689331978559494
0.7200000000000003,9.299114254625794,0.3,2.0,5,0.12533323356429862,0.037599970069289584,0.2568787932395935,-0.8804645538330078
0.7400000000000003,9.550441666912977,0.3,2.0,5,-0.12533323356431023,-0.03759997006929307,0.2219952940940857,-1.5620473623275757
0.7600000000000003,9.801769079200161,0.3,2.0,5,-0.36812455268468386,-0.11043736580540515,0.17333388328552246,-2.1513938903808594
0.7800000000000004,10.053096491487345,0.3,2.0,5,-0.5877852522924786,-0.17633557568774358,0.1136312484741211,-2.5997202396392822
0.8000000000000004,10.304423903774529,0.3,2.0,5,-0.7705132427757937,-0.23115397283273809,0.04726773500442505,-2.8810760974884033
0.8200000000000004,10.555751316061713,0.3,2.0,5,-0.9048270524660227,-0.2714481157398068,-0.023624956607818604,-2.9689981937408447
0.8400000000000004,10.807078728348896,0.3,2.0,5,-0.9822872507286902,-0.294686175218607,-0.09338223934173584,-2.8369297981262207
0.8600000000000004,11.05840614063608,0.3,2.0,5,-0.998026728428271,-0.2994080185284813,-0.1572696566581726,-2.526776075363159
0.8800000000000004,11.309733552923264,0.3,2.0,5,-0.951056516295151,-0.2853169548885453,-0.21113049983978271,-2.0627849102020264
0.9000000000000005,11.561060965210448,0.3,2.0,5,-0.8443279255020104,-0.2532983776506031,-0.23500007390975952,7.893104339018464e-07
0.9200000000000005,11.812388377497632,0.3,2.0,5,-0.6845471059286821,-0.2053641317786046,-0.23500007390975952,-1.1300016922177747e-06
0.9400000000000005,12.063715789784816,0.3,2.0,5,-0.481753674101707,-0.1445261022305121,-0.23500007390975952,-4.662580067815725e-06
0.9600000000000005,12.315043202072,0.3,2.0,5,-0.24868988716484527,-0.07460696614945359,-0.23500007390975952,4.710434041044209e-06
0.9800000000000005,12.566370614359183,0.3,2.0,5,1.0168282316742562e-14,3.0504846950227687e-15,-0.2219180464744568,0.5656972527503967
1.0000000000000004,12.817698026646367,0.3,2.0,5,0.24868988716486498,0.0746069661494595,-0.19006669521331787,1.5568400621414185
1.0200000000000005,13.06902543893355,0.3,2.0,5,0.4817536741017248,0.14452610223051743,-0.14037644863128662,2.2484896183013916
1.0400000000000005,13.320352851220735,0.3,2.0,5,0.6845471059286968,0.20536413177860904,-0.07870054244995117,2.690565347671509
1.0600000000000005,13.571680263507918,0.3,2.0,5,0.8443279255020213,0.25329837765060637,-0.010273933410644531,2.8999850749969482
1.0800000000000005,13.823007675795102,0.3,2.0,5,0.9510565162951572,0.28531695488854714,0.059290528297424316,2.8998165130615234
1.1000000000000005,14.074335088082286,0.3,2.0,5,0.9980267284282723,0.2994080185284817,0.12631946802139282,2.7021164894104004
1.1200000000000006,14.32566250036947,0.3,2.0,5,0.9822872507286863,0.29468617521860585,0.18567878007888794,2.3114027976989746
1.1400000000000006,14.576989912656654,0.3,2.0,5,0.904827052466014,0.2714481157398042,0.23304110765457153,1.7867217063903809
1.1600000000000006,14.828317324943837,0.3,2.0,5,0.7705132427757808,0.23115397283273423,0.2650824189186096,1.172889232635498
1.1800000000000006,15.079644737231021,0.3,2.0,5,0.5877852522924621,0.17633557568773864,0.2793998122215271,0.5218917727470398
1.2000000000000006,15.330972149518205,0.3,2.0,5,0.368124552684665,0.11043736580539949,0.27636343240737915,-0.16894195973873138
1.2200000000000006,15.582299561805389,0.3,2.0,5,0.12533323356429005,0.03759997006928701,0.2568790316581726,-0.8804935812950134
1.2400000000000007,15.833626974092573,0.3,2.0,5,-0.1253332335643188,-0.03759997006929564,0.2219955325126648,-1.5620548725128174
1.2600000000000007,16.084954386379756,0.3,2.0,5,-0.3681245526846919,-0.11043736580540757,0.1733337640762329,-2.1513850688934326
1.2800000000000007,16.33628179866694,0.3,2.0,5,-0.5877852522924841,-0.17633557568774524,0.11363118886947632,-2.59972882270813
1.3000000000000007,16.58760921095412,0.3,2.0,5,-0.770513242775797,-0.23115397283273909,0.047267019748687744,-2.880955934524536
1.3200000000000007,16.838936623241302,0.3,2.0,5,-0.9048270524660241,-0.2714481157398072,-0.02362525463104248,-2.968989372253418
1.3400000000000007,17.090264035528484,0.3,2.0,5,-0.9822872507286904,-0.2946861752186071,-0.09338253736495972,-2.836923122406006
1.3600000000000008,17.341591447815667,0.3,2.0,5,-0.9980267284282711,-0.2994080185284813,-0.15726995468139648,-2.5267839431762695
1.3800000000000008,17.59291886010285,0.3,2.0,5,-0.9510565162951516,-0.28531695488854547,-0.21113085746765137,-2.062772274017334
1.4000000000000008,17.84424627239003,0.3,2.0,5,-0.8443279255020124,-0.2532983776506037,-0.23500007390975952,-3.42322437063558e-08
1.4200000000000008,18.095573684677213,0.3,2.0,5,-0.6845471059286861,-0.20536413177860582,-0.23500007390975952,1.825351318984758e-07
1.4400000000000008,18.346901096964395,0.3,2.0,5,-0.48175367410171344,-0.14452610223051401,-0.23500007390975952,-1.5893054978732835e-06
1.4600000000000009,18.598228509251577,0.3,2.0,5,-0.2486898871648541,-0.07460696614945622,-0.23500007390975952,1.231220153385948e-06
1.4800000000000009,18.84955592153876,0.3,2.0,5,-7.347880794884119e-16,-2.2043642384652356e-16,-0.2219180464744568,0.5657122135162354
1.5000000000000009,19.10088333382594,0.3,2.0,5,0.24868988716485269,0.0746069661494558,-0.19006633758544922,1.556855320930481
1.520000000000001,19.352210746113123,0.3,2.0,5,0.4817536741017121,0.14452610223051363,-0.14037609100341797,2.2484703063964844
1.540000000000001,19.603538158400305,0.3,2.0,5,0.6845471059286851,0.20536413177860552,-0.07870054244995117,2.6905627250671387
1.560000000000001,19.854865570687487,0.3,2.0,5,0.8443279255020116,0.2532983776506035,-0.010273754596710205,2.9000096321105957
1.580000000000001,20.10619298297467,0.3,2.0,5,0.9510565162951511,0.2853169548885453,0.05929189920425415,2.8996124267578125
1.600000000000001,20.35752039526185,0.3,2.0,5,0.998026728428271,0.2994080185284813,0.12632018327713013,2.7020914554595947
1.620000000000001,20.608847807549033,0.3,2.0,5,0.9822872507286907,0.2946861752186072,0.18567919731140137,2.311401844024658
1.640000000000001,20.860175219836215,0.3,2.0,5,0.9048270524660247,0.27144811573980737,0.23304146528244019,1.7867131233215332
1.660000000000001,21.111502632123397,0.3,2.0,5,0.7705132427757979,0.23115397283273936,0.26508277654647827,1.172877550125122
1.680000000000001,21.36283004441058,0.3,2.0,5,0.5877852522924853,0.1763355756877456,0.2793998122215271,0.5218967795372009
1.700000000000001,21.61415745669776,0.3,2.0,5,0.3681245526846933,0.11043736580540799,0.27636343240737915,-0.16894389688968658
1.720000000000001,21.865484868984943,0.3,2.0,5,0.12533323356432202,0.03759997006929661,0.25687891244888306,-0.8804716467857361
1.740000000000001,22.116812281272125,0.3,2.0,5,-0.12533323356428505,-0.03759997006928551,0.2219952940940857,-1.562059760093689
1.7600000000000011,22.368139693559307,0.3,2.0,5,-0.36812455268465866,-0.11043736580539759,0.173334002494812,-2.1513993740081787
1.7800000000000011,22.61946710584649,0.3,2.0,5,-0.5877852522924552,-0.17633557568773653,0.11363112926483154,-2.599762201309204
1.8000000000000012,22.87079451813367,0.3,2.0,5,-0.7705132427757742,-0.23115397283273223,0.04726743698120117,-2.8808183670043945
1.8200000000000012,23.122121930420853,0.3,2.0,5,-0.9048270524660088,-0.27144811573980265,-0.02362239360809326,-2.9691035747528076
1.8400000000000012,23.373449342708035,0.3,2.0,5,-0.9822872507286837,-0.29468617521860513,-0.09338080883026123,-2.836987018585205
1.8600000000000012,23.624776754995217,0.3,2.0,5,-0.9980267284282733,-0.299408018528482,-0.15726929903030396,-2.526801824569702
1.8800000000000012,23.8761041672824,0.3,2.0,5,-0.9510565162951626,-0.2853169548885488,-0.21113038063049316,-2.062804698944092
1.9000000000000012,24.12743157956958,0.3,2.0,5,-0.8443279255020316,-0.2532983776506095,-0.23500007390975952,-6.023583409842104e-07
1.9200000000000013,24.378758991856763,0.3,2.0,5,-0.6845471059287122,-0.20536413177861365,-0.23500007390975952,6.277418833633419e-06
1.9400000000000013,24.630086404143945,0.3,2.0,5,-0.48175367410174474,-0.14452610223052342,-0.23500007390975952,1.2011794296995504e-06
1.9600000000000013,24.881413816431127,0.3,2.0,5,-0.24868988716488877,-0.07460696614946663,-0.23500007390975952,8.859461559040938e-06
1.9800000000000013,25.13274122871831,0.3,2.0,5,-3.650685422732289e-14,-1.0952056268196867e-14,-0.22191816568374634,0.5657016038894653
2.0000000000000013,25.38406864100549,0.3,2.0,5,0.24868988716481805,0.07460696614944541,-0.1900666356086731,1.5568574666976929
2.0200000000000014,25.635396053292673,0.3,2.0,5,0.4817536741016808,0.14452610223050424,-0.14037632942199707,2.248495101928711
2.0400000000000014,25.886723465579855,0.3,2.0,5,0.684547105928659,0.2053641317785977,-0.0787004828453064,2.690540075302124
2.0600000000000014,26.138050877867038,0.3,2.0,5,0.8443279255019924,0.2532983776505977,-0.010273933410644531,2.899998903274536
2.0800000000000014,26.38937829015422,0.3,2.0,5,0.9510565162951401,0.28531695488854203,0.05929082632064819,2.899327039718628
2.1000000000000014,26.6407057024414,0.3,2.0,5,0.9980267284282688,0.29940801852848065,0.12631726264953613,2.7022078037261963
2.1200000000000014,26.892033114728584,0.3,2.0,5,0.9822872507286974,0.2946861752186092,0.1856776475906372,2.311446189880371
2.1400000000000015,27.143360527015766,0.3,2.0,5,0.9048270524660399,0.271448115739812,0.23304110765457153,1.7867287397384644
2.1600000000000015,27.394687939302948,0.3,2.0,5,0.7705132427758207,0.2311539728327462,0.26508229970932007,1.1728999614715576
2.1800000000000015,27.64601535159013,0.3,2.0,5,0.5877852522925142,0.17633557568775426,0.2794000506401062,0.5218929052352905
2.2000000000000015,27.89734276387731,0.3,2.0,5,0.36812455268472655,0.11043736580541796,0.27636367082595825,-0.16895750164985657
2.2200000000000015,28.148670176164494,0.3,2.0,5,0.1253332335643575,0.037599970069307244,0.25687915086746216,-0.8804944753646851
2.2400000000000015,28.399997588451676,0.3,2.0,5,-0.12533323356424958,-0.037599970069274874,0.22199541330337524,-1.5620406866073608
2.2600000000000016,28.651325000738858,0.3,2.0,5,-0.3681245526846254,-0.11043736580538761,0.17333436012268066,-2.151383876800537
2.2800000000000016,28.90265241302604,0.3,2.0,5,-0.5877852522924263,-0.17633557568772787,0.11363154649734497,-2.5997517108917236
2.3000000000000016,29.153979825313222,0.3,2.0,5,-0.7705132427757514,-0.2311539728327254,0.047264158725738525,-2.8809821605682373
2.3200000000000016,29.405307237600404,0.3,2.0,5,-0.9048270524659936,-0.27144811573979805,-0.02363002300262451,-2.968853235244751
2.3400000000000016,29.656634649887586,0.3,2.0,5,-0.9822872507286771,-0.29468617521860313,-0.09338587522506714,-2.836819887161255
2.3600000000000017,29.907962062174768,0.3,2.0,5,-0.9980267284282756,-0.29940801852848264,-0.15727126598358154,-2.526747465133667
2.3800000000000017,30.15928947446195,0.3,2.0,5,-0.9510565162951737,-0.28531695488855213,-0.21113163232803345,-2.0627615451812744
2.4000000000000017,30.410616886749132,0.3,2.0,5,-0.8443279255020507,-0.2532983776506152,-0.23500007390975952,4.220685241307365e-06
2.4200000000000017,30.661944299036314,0.3,2.0,5,-0.6845471059287382,-0.20536413177862148,-0.23500007390975952,-4.769942734128563e-06
2.4400000000000017,30.913271711323496,0.3,2.0,5,-0.4817536741017761,-0.14452610223053283,-0.23500007390975952,1.1060715223720763e-06
2.4600000000000017,31.164599123610678,0.3,2.0,5,-0.2486898871649234,-0.07460696614947702,-0.23500007390975952,1.575295755174011e-06
2.4800000000000018,31.41592653589786,0.3,2.0,5,-7.227892037515737e-14,-2.168367611254721e-14,-0.2219180464744568,0.5657140016555786
2.5000000000000018,31.667253948185042,0.3,2.0,5,0.2486898871647834,0.07460696614943502,-0.19006657600402832,1.5568583011627197
2.520000000000002,31.918581360472224,0.3,2.0,5,0.48175367410164943,0.14452610223049484,-0.1403762698173523,2.248486042022705
2.540000000000002,32.169908772759406,0.3,2.0,5,0.6845471059286329,0.20536413177858986,-0.0787004828453064,2.6905531883239746
2.560000000000002,32.42123618504659,0.3,2.0,5,0.8443279255019733,0.253298377650592,-0.010272502899169922,2.900536060333252
2.580000000000002,32.67256359733377,0.3,2.0,5,0.951056516295129,0.2853169548885387,0.05929398536682129,2.899817705154419
2.600000000000002,32.92389100962095,0.3,2.0,5,0.9980267284282665,0.2994080185284799,0.12632042169570923,2.7020699977874756
2.620000000000002,33.175218421908134,0.3,2.0,5,0.9822872507287042,0.29468617521861123,0.18567919731140137,2.3114049434661865
2.640000000000002,33.426545834195316,0.3,2.0,5,0.9048270524660552,0.27144811573981653,0.23304110765457153,1.786723256111145
2.660000000000002,33.6778732464825,0.3,2.0,5,0.7705132427758435,0.23115397283275305,0.2650824189186096,1.1729060411453247
2.680000000000002,33.92920065876968,0.3,2.0,5,0.5877852522925432,0.17633557568776295,0.2794000506401062,0.5219069719314575
2.700000000000002,34.18052807105686,0.3,2.0,5,0.3681245526847598,0.11043736580542794,0.27636367082595825,-0.16895674169063568
2.720000000000002,34.431855483344044,0.3,2.0,5,0.125333233564393,0.037599970069317895,0.2568795084953308,-0.8805024027824402
2.740000000000002,34.68318289563123,0.3,2.0,5,-0.12533323356421408,-0.03759997006926422,0.22199565172195435,-1.5620756149291992
2.760000000000002,34.93451030791841,0.3,2.0,5,-0.36812455268459215,-0.11043736580537765,0.17333394289016724,-2.1514012813568115
2.780000000000002,35.18583772020559,0.3,2.0,5,-0.5877852522923973,-0.17633557568771918,0.11363112926483154,-2.5996806621551514
2.800000000000002,35.43716513249277,0.3,2.0,5,-0.7705132427757285,-0.23115397283271855,0.04726839065551758,-2.8810923099517822
2.820000000000002,35.688492544779955,0.3,2.0,5,-0.9048270524659784,-0.2714481157397935,-0.023624420166015625,-2.9690210819244385
2.840000000000002,35.93981995706714,0.3,2.0,5,-0.9822872507286703,-0.2946861752186011,-0.09338182210922241,-2.8369626998901367
2.860000000000002,36.19114736935432,0.3,2.0,5,-0.9980267284282778,-0.2994080185284833,-0.15726971626281738,-2.5267810821533203
2.880000000000002,36.4424747816415,0.3,2.0,5,-0.9510565162951847,-0.2853169548885554,-0.2111305594444275,-2.062793254852295
2.900000000000002,36.69380219392868,0.3,2.0,5,-0.8443279255020699,-0.25329837765062096,-0.23500007390975952,8.78268338055932e-08
2.920000000000002,36.945129606215865,0.3,2.0,5,-0.6845471059287643,-0.2053641317786293,-0.23500007390975952,4.5226915972307324e-06
2.940000000000002,37.19645701850305,0.3,2.0,5,-0.48175367410180747,-0.14452610223054224,-0.23500007390975952,-2.6399029593449086e-06
2.960000000000002,37.44778443079023,0.3,2.0,5,-0.24868988716495805,-0.0746069661494874,-0.23500007390975952,8.18025910120923e-06
2.980000000000002,37.69911184307741,0.3,2.0,5,-1.0805098652299185e-13,-3.241529595689755e-14,-0.22191816568374634,0.5657050609588623
0.0,0.3769911184307752,0.3,3.0,5,0.368124552684678,0.11043736580540339,2.47955322265625e-05,-7.598090451210737e-05
0.02,0.7539822368615504,0.3,3.0,5,0.6845471059286887,0.2053641317786066,3.463029861450195e-05,-0.0009053095709532499
0.04,1.1309733552923256,0.3,3.0,5,0.9048270524660196,0.2714481157398059,0.0031940340995788574,0.7844825983047485
0.06,1.5079644737231008,0.3,3.0,5,0.9980267284282716,0.2994080185284815,0.04738926887512207,3.385660171508789
0.08,1.884955592153876,0.3,3.0,5,0.9510565162951535,0.285316954888546,0.12662220001220703,4.362837791442871
0.1,2.261946710584651,0.3,3.0,5,0.7705132427757893,0.23115397283273675,0.20102769136428833,3.363194465637207
0.12000000000000001,2.6389378290154264,0.3,3.0,5,0.4817536741017152,0.14452610223051457,0.24690097570419312,1.313158631324768
0.14,3.0159289474462017,0.3,3.0,5,0.1253332335643041,0.03759997006929123,0.2627262473106384,-0.013325449079275131
0.16,3.392920065876977,0.3,3.0,5,-0.24868988716485502,-0.0746069661494565,0.24496203660964966,-1.5768280029296875
0.18,3.769911184307752,0.3,3.0,5,-0.5877852522924734,-0.176335575687742,0.1947668194770813,-3.143906354904175
0.19999999999999998,4.1469023027385274,0.3,3.0,5,-0.8443279255020153,-0.2532983776506046,0.11664509773254395,-4.38273811340332
0.21999999999999997,4.523893421169302,0.3,3.0,5,-0.9822872507286887,-0.2946861752186066,0.02079993486404419,-5.089159965515137
0.23999999999999996,4.900884539600077,0.3,3.0,5,-0.9822872507286887,-0.2946861752186066,-0.08196049928665161,-5.324307441711426
0.25999999999999995,5.277875658030852,0.3,3.0,5,-0.8443279255020155,-0.25329837765060464,-0.17227709293365479,-4.185701847076416
0.27999999999999997,5.654866776461627,0.3,3.0,5,-0.587785252292474,-0.1763355756877422,-0.23152053356170654,-2.1601526737213135
0.3,6.0318578948924015,0.3,3.0,5,-0.2486898871648562,-0.07460696614945686,-0.23500001430511475,3.629154434747761e-06
0.32,6.408849013323176,0.3,3.0,5,0.1253332335643024,0.037599970069290715,-0.2316608428955078,0.8344393372535706
0.34,6.785840131753951,0.3,3.0,5,0.4817536741017133,0.144526102230514,-0.2017330527305603,2.070174217224121
0.36000000000000004,7.162831250184726,0.3,3.0,5,0.7705132427757876,0.23115397283273625,-0.1397101879119873,3.7779924869537354
0.38000000000000006,7.539822368615501,0.3,3.0,5,0.9510565162951526,0.2853169548885458,-0.051001131534576416,4.834372043609619
0.4000000000000001,7.916813487046276,0.3,3.0,5,0.9980267284282718,0.29940801852848153,0.04914391040802002,5.168678283691406
0.4200000000000001,8.293804605477051,0.3,3.0,5,0.9048270524660207,0.2714481157398062,0.14475268125534058,4.803800106048584
0.4400000000000001,8.670795723907826,0.3,3.0,5,0.684547105928691,0.20536413177860727,0.2154037356376648,2.8716001510620117
0.46000000000000013,9.047786842338601,0.3,3.0,5,0.36812455268468125,0.11043736580540438,0.25401872396469116,0.966637372970581
0.48000000000000015,9.424777960769376,0.3,3.0,5,3.920107718544707e-15,1.176032315563412e-15,0.25949937105178833,-0.4700155556201935
0.5000000000000001,9.80176907920015,0.3,3.0,5,-0.368124552684674,-0.11043736580540219,0.23126500844955444,-2.096928358078003
0.5200000000000001,10.178760197630925,0.3,3.0,5,-0.6845471059286853,-0.20536413177860557,0.17125511169433594,-3.59883451461792
0.5400000000000001,10.5557513160617,0.3,3.0,5,-0.9048270524660174,-0.2714481157398052,0.08630090951919556,-4.559365272521973
0.5600000000000002,10.932742434492475,0.3,3.0,5,-0.9980267284282712,-0.29940801852848137,-0.013096332550048828,-5.2745866775512695
0.5800000000000002,11.30973355292325,0.3,3.0,5,-0.9510565162951553,-0.2853169548885466,-0.11515241861343384,-5.238235950469971
0.6000000000000002,11.686724671354025,0.3,3.0,5,-0.7705132427757931,-0.23115397283273792,-0.1954684853553772,-3.5543761253356934
0.6200000000000002,12.0637157897848,0.3,3.0,5,-0.481753674101721,-0.1445261022305163,-0.23500001430511475,-3.0684134344483027e-07
0.6400000000000002,12.440706908215574,0.3,3.0,5,-0.12533323356431106,-0.03759997006929332,-0.23430955410003662,0.1076083779335022
0.6600000000000003,12.81769802664635,0.3,3.0,5,0.24868988716484777,0.07460696614945433,-0.22939664125442505,0.9020837545394897
0.6800000000000003,13.194689145077124,0.3,3.0,5,0.5877852522924669,0.17633557568774008,-0.18819600343704224,2.8561489582061768
0.7000000000000003,13.571680263507899,0.3,3.0,5,0.8443279255020107,0.2532983776506032,-0.1139000654220581,4.259562969207764
0.7200000000000003,13.948671381938674,0.3,3.0,5,0.9822872507286872,0.29468617521860613,-0.018565893173217773,5.101153373718262
0.7400000000000003,14.325662500369448,0.3,3.0,5,0.9822872507286903,0.29468617521860707,0.08214730024337769,5.181329250335693
0.7600000000000003,14.702653618800223,0.3,3.0,5,0.84432792550202,0.253298377650606,0.171927809715271,4.196419715881348
0.7800000000000004,15.079644737230998,0.3,3.0,5,0.5877852522924808,0.17633557568774424,0.23132556676864624,2.165745973587036
0.8000000000000004,15.456635855661773,0.3,3.0,5,0.24868988716486432,0.07460696614945929,0.25962191820144653,0.5224424600601196
0.8200000000000004,15.833626974092548,0.3,3.0,5,-0.12533323356429413,-0.03759997006928824,0.2537842392921448,-1.0036851167678833
0.8400000000000004,16.210618092523323,0.3,3.0,5,-0.481753674101706,-0.1445261022305118,0.21458011865615845,-2.6279566287994385
0.8600000000000004,16.5876092109541,0.3,3.0,5,-0.7705132427757834,-0.231153972832735,0.14513522386550903,-4.016509056091309
0.8800000000000004,16.964600329384876,0.3,3.0,5,-0.9510565162951512,-0.28531695488854536,0.05428344011306763,-4.842895984649658
0.9000000000000005,17.341591447815652,0.3,3.0,5,-0.998026728428272,-0.2994080185284816,-0.04812222719192505,-5.369611740112305
0.9200000000000005,17.71858256624643,0.3,3.0,5,-0.9048270524660217,-0.2714481157398065,-0.1447022557258606,-4.806868076324463
0.9400000000000005,18.095573684677206,0.3,3.0,5,-0.6845471059286913,-0.20536413177860738,-0.2154102325439453,-2.87249755859375
0.9600000000000005,18.472564803107982,0.3,3.0,5,-0.36812455268468,-0.11043736580540399,-0.23500001430511475,-5.908555976930074e-06
0.9800000000000005,18.84955592153876,0.3,3.0,5,-7.347880794884119e-16,-2.2043642384652356e-16,-0.23166096210479736,0.8344156742095947
1.0000000000000004,19.226547039969535,0.3,3.0,5,0.3681245526846786,0.11043736580540357,-0.21518480777740479,1.4000951051712036
1.0200000000000005,19.603538158400312,0.3,3.0,5,0.6845471059286902,0.20536413177860705,-0.16448092460632324,3.3023123741149902
1.0400000000000005,19.98052927683109,0.3,3.0,5,0.904827052466021,0.2714481157398063,-0.08302551507949829,4.548707962036133
1.0600000000000005,20.357520395261865,0.3,3.0,5,0.9980267284282719,0.29940801852848153,0.015147924423217773,5.119765758514404
1.0800000000000005,20.73451151369264,0.3,3.0,5,0.9510565162951516,0.28531695488854547,0.11394554376602173,5.0618815422058105
1.1000000000000005,21.11150263212342,0.3,3.0,5,0.7705132427757844,0.2311539728327353,0.19485324621200562,3.5743119716644287
1.1200000000000006,21.488493750554195,0.3,3.0,5,0.4817536741017073,0.14452610223051218,0.24375826120376587,1.4206446409225464
1.1400000000000006,21.86548486898497,0.3,3.0,5,0.12533323356429382,0.03759997006928815,0.2611604332923889,0.053197406232357025
1.1600000000000006,22.242475987415748,0.3,3.0,5,-0.24868988716486634,-0.0746069661494599,0.244249165058136,-1.5460588932037354
1.1800000000000006,22.619467105846525,0.3,3.0,5,-0.5877852522924839,-0.17633557568774516,0.19446152448654175,-3.130786180496216
1.2000000000000006,22.9964582242773,0.3,3.0,5,-0.844327925502023,-0.25329837765060687,0.11651438474655151,-4.377109050750732
1.2200000000000006,23.373449342708078,0.3,3.0,5,-0.9822872507286917,-0.2946861752186075,0.020736753940582275,-5.0866804122924805
1.2400000000000007,23.750440461138854,0.3,3.0,5,-0.9822872507286854,-0.29468617521860563,-0.08198583126068115,-5.322641849517822
1.2600000000000007,24.12743157956963,0.3,3.0,5,-0.844327925502005,-0.2532983776506015,-0.17228776216506958,-4.185356140136719
1.2800000000000007,24.504422698000408,0.3,3.0,5,-0.5877852522924567,-0.176335575687737,-0.2315252423286438,-2.160003185272217
1.3000000000000007,24.881413816431184,0.3,3.0,5,-0.2486898871648337,-0.0746069661494501,-0.23500001430511475,6.3607922129449435e-06
1.3200000000000007,25.25840493486196,0.3,3.0,5,0.12533323356432724,0.03759997006929817,-0.2316609025001526,0.8344241976737976
1.3400000000000007,25.635396053292737,0.3,3.0,5,0.4817536741017368,0.14452610223052104,-0.20173299312591553,2.0701804161071777
1.3600000000000008,26.012387171723514,0.3,3.0,5,0.7705132427758058,0.23115397283274172,-0.13971030712127686,3.7779617309570312
1.3800000000000008,26.38937829015429,0.3,3.0,5,0.9510565162951621,0.28531695488854864,-0.05100160837173462,4.834355354309082
1.4000000000000008,26.766369408585067,0.3,3.0,5,0.9980267284282698,0.2994080185284809,0.04926908016204834,5.1779093742370605
1.4200000000000008,27.143360527015844,0.3,3.0,5,0.9048270524660067,0.271448115739802,0.14483052492141724,4.801150321960449
1.4400000000000008,27.52035164544662,0.3,3.0,5,0.6845471059286656,0.2053641317785997,0.2154431939125061,2.8702776432037354
1.4600000000000009,27.897342763877397,0.3,3.0,5,0.3681245526846473,0.11043736580539418,0.25403183698654175,0.9658694267272949
1.4800000000000009,28.274333882308174,0.3,3.0,5,-3.442495466877239e-14,-1.0327486400631718e-14,0.25950247049331665,-0.47017791867256165
1.5000000000000009,28.65132500073895,0.3,3.0,5,-0.3681245526847113,-0.11043736580541338,0.2312656044960022,-2.0969529151916504
1.520000000000001,29.028316119169727,0.3,3.0,5,-0.6845471059287158,-0.20536413177861473,0.17125540971755981,-3.59885311126709
1.540000000000001,29.405307237600503,0.3,3.0,5,-0.904827052466036,-0.2714481157398108,0.0863027572631836,-4.559208869934082
1.560000000000001,29.78229835603128,0.3,3.0,5,-0.9980267284282741,-0.2994080185284822,-0.013095736503601074,-5.2746734619140625
1.580000000000001,30.159289474462057,0.3,3.0,5,-0.9510565162951408,-0.2853169548885422,-0.11515241861343384,-5.238275527954102
1.600000000000001,30.536280592892833,0.3,3.0,5,-0.7705132427757619,-0.23115397283272857,-0.1954684853553772,-3.554379940032959
1.620000000000001,30.91327171132361,0.3,3.0,5,-0.48175367410167647,-0.14452610223050294,-0.23500001430511475,4.61582385469228e-06
1.640000000000001,31.290262829754386,0.3,3.0,5,-0.12533323356425893,-0.03759997006927768,-0.23430955410003662,0.10759762674570084
1.660000000000001,31.667253948185163,0.3,3.0,5,0.2486898871649004,0.07460696614947011,-0.22939682006835938,0.9021064043045044
1.680000000000001,32.044245066615936,0.3,3.0,5,0.5877852522925094,0.17633557568775282,-0.18819594383239746,2.856149435043335
1.700000000000001,32.42123618504671,0.3,3.0,5,0.8443279255020381,0.2532983776506114,-0.11390000581741333,4.259542465209961
1.720000000000001,32.79822730347748,0.3,3.0,5,0.9822872507286963,0.29468617521860885,-0.018565773963928223,5.101175785064697
1.740000000000001,33.175218421908255,0.3,3.0,5,0.9822872507286815,0.29468617521860446,0.08214819431304932,5.181599140167236
1.7600000000000011,33.55220954033903,0.3,3.0,5,0.8443279255019956,0.2532983776505987,0.17193222045898438,4.196253776550293
1.7800000000000011,33.9292006587698,0.3,3.0,5,0.5877852522924455,0.17633557568773364,0.2313271164894104,2.1657066345214844
1.8000000000000012,34.306191777200574,0.3,3.0,5,0.24868988716482374,0.07460696614944712,0.2596215605735779,0.5224430561065674
1.8200000000000012,34.68318289563135,0.3,3.0,5,-0.12533323356433393,-0.03759997006930018,0.2537841200828552,-1.0036602020263672
1.8400000000000012,35.06017401406212,0.3,3.0,5,-0.4817536741017396,-0.14452610223052187,0.21457988023757935,-2.6279456615448
1.8600000000000012,35.43716513249289,0.3,3.0,5,-0.7705132427758056,-0.23115397283274167,0.14513498544692993,-4.0164690017700195
1.8800000000000012,35.814156250923666,0.3,3.0,5,-0.9510565162951609,-0.28531695488854825,0.05428797006607056,-4.842449188232422
1.9000000000000012,36.19114736935444,0.3,3.0,5,-0.9980267284282702,-0.29940801852848103,-0.04810941219329834,-5.36976957321167
1.9200000000000013,36.56813848778521,0.3,3.0,5,-0.9048270524660114,-0.2714481157398034,-0.14469701051712036,-4.807069778442383
1.9400000000000013,36.945129606215986,0.3,3.0,5,-0.6845471059286763,-0.20536413177860288,-0.21540707349777222,-2.8725883960723877
1.9600000000000013,37.32212072464676,0.3,3.0,5,-0.3681245526846641,-0.11043736580539923,-0.23500001430511475,1.1371314940333832e-05
1.9800000000000013,37.69911184307753,0.3,3.0,5,1.274127855622518e-14,3.822383566867554e-15,-0.23166096210479736,0.8344211578369141
2.0000000000000013,38.076102961508305,0.3,3.0,5,0.3681245526846878,0.11043736580540633,-0.21518492698669434,1.4000962972640991
2.0200000000000014,38.45309407993908,0.3,3.0,5,0.6845471059286948,0.20536413177860843,-0.16448098421096802,3.302320718765259
2.0400000000000014,38.83008519836985,0.3,3.0,5,0.9048270524660222,0.27144811573980665,-0.08302557468414307,4.548707962036133
2.0600000000000014,39.207076316800624,0.3,3.0,5,0.9980267284282718,0.29940801852848153,0.01514899730682373,5.119589805603027
2.0800000000000014,39.5840674352314,0.3,3.0,5,0.951056516295153,0.28531695488854586,0.11394226551055908,5.061720848083496
2.1000000000000014,39.96105855366217,0.3,3.0,5,0.7705132427757894,0.2311539728327368,0.19485104084014893,3.5743887424468994
2.1200000000000014,40.33804967209294,0.3,3.0,5,0.48175367410171727,0.14452610223051518,0.24375730752944946,1.4206829071044922
2.1400000000000015,40.715040790523716,0.3,3.0,5,0.12533323356430864,0.03759997006929259,0.26116007566452026,0.05319147929549217
2.1600000000000015,41.09203190895449,0.3,3.0,5,-0.2486898871648484,-0.07460696614945451,0.24424880743026733,-1.5460395812988281
2.1800000000000015,41.46902302738526,0.3,3.0,5,-0.587785252292466,-0.1763355756877398,0.19446182250976562,-3.1307711601257324
2.2000000000000015,41.846014145816035,0.3,3.0,5,-0.8443279255020093,-0.25329837765060276,0.11651462316513062,-4.3771185874938965
2.2200000000000015,42.22300526424681,0.3,3.0,5,-0.9822872507286863,-0.29468617521860585,0.020735859870910645,-5.086449146270752
2.2400000000000015,42.59999638267758,0.3,3.0,5,-0.9822872507286915,-0.29468617521860746,-0.08198654651641846,-5.322645664215088
2.2600000000000016,42.976987501108354,0.3,3.0,5,-0.8443279255020244,-0.2532983776506073,-0.17228800058364868,-4.185349941253662
2.2800000000000016,43.35397861953913,0.3,3.0,5,-0.5877852522924889,-0.17633557568774666,-0.23152530193328857,-2.1599929332733154
2.3000000000000016,43.7309697379699,0.3,3.0,5,-0.24868988716487572,-0.07460696614946272,-0.23500001430511475,6.862816917418968e-06
2.3200000000000016,44.10796085640067,0.3,3.0,5,0.1253332335642807,0.03759997006928421,-0.2316609025001526,0.8344172835350037
2.3400000000000016,44.484951974831446,0.3,3.0,5,0.48175367410169256,0.14452610223050777,-0.2017330527305603,2.0701565742492676
2.3600000000000017,44.86194309326222,0.3,3.0,5,0.7705132427757714,0.2311539728327314,-0.13971030712127686,3.7779996395111084
2.3800000000000017,45.23893421169299,0.3,3.0,5,0.9510565162951442,0.28531695488854325,-0.05100131034851074,4.834374904632568
2.4000000000000017,45.615925330123765,0.3,3.0,5,0.9980267284282736,0.29940801852848203,0.04926663637161255,5.177801132202148
2.4200000000000017,45.99291644855454,0.3,3.0,5,0.9048270524660342,0.27144811573981026,0.1448194980621338,4.801516056060791
2.4400000000000017,46.36990756698531,0.3,3.0,5,0.6845471059287154,0.2053641317786146,0.21543723344802856,2.8704795837402344
2.4600000000000017,46.746898685416085,0.3,3.0,5,0.368124552684714,0.1104373658054142,0.2540300488471985,0.9660215377807617
2.4800000000000018,47.12388980384686,0.3,3.0,5,4.091682066552654e-14,1.227504619965796e-14,0.25950127840042114,-0.47014325857162476
2.5000000000000018,47.50088092227763,0.3,3.0,5,-0.3681245526846379,-0.11043736580539136,0.23126596212387085,-2.096956253051758
2.520000000000002,47.877872040708404,0.3,3.0,5,-0.6845471059286558,-0.20536413177859672,0.17125564813613892,-3.598877429962158
2.540000000000002,48.25486315913918,0.3,3.0,5,-0.9048270524659994,-0.2714481157397998,0.08630341291427612,-4.558676719665527
2.560000000000002,48.63185427756995,0.3,3.0,5,-0.9980267284282685,-0.29940801852848054,-0.01321101188659668,-5.288264751434326
2.580000000000002,49.00884539600072,0.3,3.0,5,-0.9510565162951695,-0.28531695488855086,-0.11521410942077637,-5.23377799987793
2.600000000000002,49.385836514431496,0.3,3.0,5,-0.7705132427758236,-0.23115397283274705,-0.19549739360809326,-3.5533699989318848
2.620000000000002,49.76282763286227,0.3,3.0,5,-0.4817536741017643,-0.14452610223052928,-0.23500001430511475,9.611580935597885e-07
2.640000000000002,50.13981875129304,0.3,3.0,5,-0.12533323356436188,-0.03759997006930856,-0.23430955410003662,0.10760288685560226
2.660000000000002,50.516809869723815,0.3,3.0,5,0.24868988716479645,0.07460696614943893,-0.22939640283584595,0.9020690321922302
2.680000000000002,50.89380098815459,0.3,3.0,5,0.5877852522924226,0.1763355756877268,-0.18819564580917358,2.8561251163482666
2.700000000000002,51.27079210658536,0.3,3.0,5,0.8443279255019805,0.25329837765059415,-0.11390012502670288,4.259525299072266
2.720000000000002,51.647783225016134,0.3,3.0,5,0.9822872507286762,0.29468617521860285,-0.018566012382507324,5.101152420043945
2.740000000000002,52.02477434344691,0.3,3.0,5,0.9822872507287016,0.29468617521861046,0.08210760354995728,5.1771440505981445
2.760000000000002,52.40176546187768,0.3,3.0,5,0.8443279255020532,0.2532983776506159,0.17182207107543945,4.200031757354736
2.780000000000002,52.77875658030845,0.3,3.0,5,0.5877852522925323,0.17633557568775968,0.23127037286758423,2.167632818222046
2.800000000000002,53.155747698739226,0.3,3.0,5,0.24868988716492768,0.0746069661494783,0.25959140062332153,0.5236713886260986
2.820000000000002,53.53273881717,0.3,3.0,5,-0.12533323356422746,-0.03759997006926823,0.2537650465965271,-1.0029245615005493
2.840000000000002,53.90972993560077,0.3,3.0,5,-0.48175367410164555,-0.14452610223049367,0.21457171440124512,-2.627593517303467
2.860000000000002,54.286721054031545,0.3,3.0,5,-0.7705132427757372,-0.23115397283272116,0.14513134956359863,-4.016321182250977
2.880000000000002,54.66371217246232,0.3,3.0,5,-0.9510565162951277,-0.2853169548885383,0.05428534746170044,-4.842446804046631
2.900000000000002,55.04070329089309,0.3,3.0,5,-0.998026728428277,-0.2994080185284831,-0.04811054468154907,-5.369258880615234
2.920000000000002,55.417694409323865,0.3,3.0,5,-0.9048270524660571,-0.27144811573981714,-0.1446974277496338,-4.807044506072998
2.940000000000002,55.79468552775464,0.3,3.0,5,-0.6845471059287545,-0.20536413177862634,-0.21540725231170654,-2.872591495513916
2.960000000000002,56.17167664618541,0.3,3.0,5,-0.3681245526847639,-0.11043736580542916,-0.23500001430511475,5.0069183998857625e-06
2.980000000000002,56.548667764616184,0.3,3.0,5,-9.457491988727826e-14,-2.8372475966183476e-14,-0.2316609025001526,0.834428071975708
0.0,0.5026548245743669,0.3,4.0,5,0.4817536741017153,0.1445261022305146,2.47955322265625e-05,-7.598090451210737e-05
0.02,1.0053096491487339,0.3,4.0,5,0.8443279255020151,0.25329837765060453,3.463029861450195e-05,-0.0009053095709532499
0.04,1.5079644737231008,0.3,4.0,5,0.9980267284282716,0.2994080185284815,0.0016229748725891113,0.5259988903999329
0.06,2.0106192982974678,0.3,4.0,5,0.9048270524660195,0.2714481157398058,0.04060626029968262,3.121411085128784
0.08,2.5132741228718345,0.3,4.0,5,0.5877852522924732,0.17633557568774197,0.1304890513420105,5.4845123291015625
0.1,3.015928947446201,0.3,4.0,5,0.12533323356430454,0.03759997006929136,0.2133823037147522,2.8839364051818848
0.12000000000000001,3.518583772020568,0.3,4.0,5,-0.3681245526846775,-0.11043736580540324,0.2431287169456482,0.4939824044704437
0.14,4.021238596594935,0.3,4.0,5,-0.7705132427757888,-0.23115397283273664,0.22227591276168823,-2.298705816268921
0.16,4.523893421169301,0.3,4.0,5,-0.9822872507286885,-0.2946861752186065,0.14650505781173706,-4.937585353851318
0.18,5.026548245743668,0.3,4.0,5,-0.9510565162951539,-0.28531695488854614,0.0278891921043396,-6.322540283203125
0.19999999999999998,5.529203070318035,0.3,4.0,5,-0.6845471059286896,-0.20536413177860688,-0.10256320238113403,-6.412555694580078
0.21999999999999997,6.0318578948924015,0.3,4.0,5,-0.2486898871648562,-0.07460696614945686,-0.2004324197769165,-3.6374588012695312
0.23999999999999996,6.534512719466768,0.3,4.0,5,0.24868988716485316,0.07460696614945594,-0.23332977294921875,0.556302547454834
0.25999999999999995,7.037167544041135,0.3,4.0,5,0.6845471059286873,0.20536413177860618,-0.2179851531982422,1.1219494342803955
0.27999999999999997,7.539822368615502,0.3,4.0,5,0.951056516295153,0.28531695488854586,-0.16494929790496826,3.9029407501220703
0.3,8.04247719318987,0.3,4.0,5,0.9822872507286889,0.2946861752186067,-0.060109734535217285,6.06767463684082
0.32,8.545132017764237,0.3,4.0,5,0.7705132427757897,0.2311539728327369,0.07053446769714355,6.508397102355957
0.34,9.047786842338605,0.3,4.0,5,0.368124552684678,0.11043736580540339,0.18102717399597168,4.263797760009766
0.36000000000000004,9.550441666912972,0.3,4.0,5,-0.12533323356430492,-0.03759997006929148,0.23684412240982056,1.6633926630020142
0.38000000000000006,10.05309649148734,0.3,4.0,5,-0.5877852522924742,-0.17633557568774227,0.2402213215827942,-0.9838973879814148
0.4000000000000001,10.555751316061707,0.3,4.0,5,-0.9048270524660205,-0.27144811573980615,0.1898673176765442,-3.769385576248169
0.4200000000000001,11.058406140636075,0.3,4.0,5,-0.9980267284282713,-0.29940801852848137,0.08955925703048706,-5.630904197692871
0.4400000000000001,11.561060965210443,0.3,4.0,5,-0.8443279255020132,-0.2532983776506039,-0.03837931156158447,-6.60968542098999
0.46000000000000013,12.06371578978481,0.3,4.0,5,-0.48175367410171166,-0.1445261022305135,-0.15870040655136108,-4.865018844604492
0.48000000000000015,12.566370614359178,0.3,4.0,5,4.83921179854181e-15,1.451763539562543e-15,-0.2266518473625183,-2.2578749656677246
0.5000000000000001,13.069025438933545,0.3,4.0,5,0.4817536741017201,0.144526102230516,-0.23332983255386353,0.5562997460365295
0.5200000000000001,13.571680263507913,0.3,4.0,5,0.8443279255020184,0.25329837765060553,-0.19613265991210938,2.666170120239258
0.5400000000000001,14.07433508808228,0.3,4.0,5,0.998026728428272,0.2994080185284816,-0.11406242847442627,5.139030933380127
0.5600000000000002,14.576989912656648,0.3,4.0,5,0.9048270524660162,0.2714481157398049,0.00688248872756958,6.286552906036377
0.5800000000000002,15.079644737231016,0.3,4.0,5,0.5877852522924664,0.17633557568773991,0.13264811038970947,5.700878620147705
0.6000000000000002,15.582299561805383,0.3,4.0,5,0.12533323356429532,0.03759997006928859,0.21585851907730103,2.8997530937194824
0.6200000000000002,16.08495438637975,0.3,4.0,5,-0.3681245526846853,-0.11043736580540559,0.24514299631118774,0.4141388535499573
0.6400000000000002,16.587609210954117,0.3,4.0,5,-0.7705132427757947,-0.2311539728327384,0.22269219160079956,-2.378568410873413
0.6600000000000003,17.090264035528484,0.3,4.0,5,-0.9822872507286904,-0.2946861752186071,0.14593565464019775,-4.9156999588012695
0.6800000000000003,17.592918860102852,0.3,4.0,5,-0.9510565162951505,-0.28531695488854514,0.027649283409118652,-6.3117499351501465
0.7000000000000003,18.09557368467722,0.3,4.0,5,-0.684547105928681,-0.20536413177860427,-0.1026773452758789,-6.406168460845947
0.7200000000000003,18.598228509251587,0.3,4.0,5,-0.2486898871648438,-0.07460696614945314,-0.2004733681678772,-3.6338064670562744
0.7400000000000003,19.100883333825955,0.3,4.0,5,0.24868988716486645,0.07460696614945993,-0.2333298921585083,0.5562816858291626
0.7600000000000003,19.603538158400323,0.3,4.0,5,0.6845471059286979,0.20536413177860938,-0.2179853320121765,1.1219589710235596
0.7800000000000004,20.10619298297469,0.3,4.0,5,0.9510565162951578,0.2853169548885473,-0.16494953632354736,3.9029524326324463
0.8000000000000004,20.608847807549058,0.3,4.0,5,0.9822872507286861,0.2946861752186058,-0.06010991334915161,6.067684173583984
0.8200000000000004,21.111502632123425,0.3,4.0,5,0.7705132427757798,0.23115397283273392,0.0705416202545166,6.508594036102295
0.8400000000000004,21.614157456697793,0.3,4.0,5,0.36812455268466354,0.11043736580539906,0.18103790283203125,4.26399040222168
0.8600000000000004,22.11681228127216,0.3,4.0,5,-0.1253332335643203,-0.037599970069296086,0.23685699701309204,1.6629788875579834
0.8800000000000004,22.619467105846528,0.3,4.0,5,-0.5877852522924868,-0.17633557568774602,0.24022644758224487,-0.984065055847168
0.9000000000000005,23.122121930420896,0.3,4.0,5,-0.904827052466027,-0.2714481157398081,0.18986999988555908,-3.7694895267486572
0.9200000000000005,23.624776754995263,0.3,4.0,5,-0.9980267284282704,-0.29940801852848115,0.08955669403076172,-5.63175630569458
0.9400000000000005,24.12743157956963,0.3,4.0,5,-0.844327925502005,-0.2532983776506015,-0.03838503360748291,-6.609598636627197
0.9600000000000005,24.630086404144,0.3,4.0,5,-0.48175367410169806,-0.1445261022305094,-0.15870273113250732,-4.864912509918213
0.9800000000000005,25.132741228718366,0.3,4.0,5,2.0336564633485124e-14,6.100969390045537e-15,-0.2266528606414795,-2.257808208465576
1.0000000000000004,25.635396053292734,0.3,4.0,5,0.4817536741017337,0.1445261022305201,-0.23332995176315308,0.556279718875885
1.0200000000000005,26.1380508778671,0.3,4.0,5,0.8443279255020267,0.25329837765060803,-0.19613301753997803,2.6661934852600098
1.0400000000000005,26.64070570244147,0.3,4.0,5,0.998026728428273,0.29940801852848187,-0.11406219005584717,5.139047145843506
1.0600000000000005,27.143360527015837,0.3,4.0,5,0.9048270524660097,0.2714481157398029,0.006884396076202393,6.287303447723389
1.0800000000000005,27.646015351590204,0.3,4.0,5,0.5877852522924539,0.17633557568773617,0.1326403021812439,5.701117038726807
1.1000000000000005,28.148670176164572,0.3,4.0,5,0.12533323356427994,0.037599970069283985,0.21585601568222046,2.9000132083892822
1.1200000000000006,28.65132500073894,0.3,4.0,5,-0.36812455268470134,-0.1104373658054104,0.24514168500900269,0.41419023275375366
1.1400000000000006,29.153979825313307,0.3,4.0,5,-0.7705132427758057,-0.2311539728327417,0.22269171476364136,-2.3785219192504883
1.1600000000000006,29.656634649887675,0.3,4.0,5,-0.9822872507286936,-0.29468617521860807,0.14593607187271118,-4.915727138519287
1.1800000000000006,30.159289474462042,0.3,4.0,5,-0.9510565162951452,-0.28531695488854353,0.027653217315673828,-6.310880184173584
1.2000000000000006,30.66194429903641,0.3,4.0,5,-0.6845471059286683,-0.2053641317786005,-0.10267239809036255,-6.406403541564941
1.2200000000000006,31.164599123610778,0.3,4.0,5,-0.24868988716482707,-0.07460696614944812,-0.2004718780517578,-3.633974552154541
1.2400000000000007,31.667253948185145,0.3,4.0,5,0.2486898871648832,0.07460696614946495,-0.23332983255386353,0.5562885999679565
1.2600000000000007,32.16990877275951,0.3,4.0,5,0.6845471059287106,0.20536413177861318,-0.21798521280288696,1.121958613395691
1.2800000000000007,32.67256359733388,0.3,4.0,5,0.951056516295162,0.2853169548885486,-0.1649494767189026,3.9029579162597656
1.3000000000000007,33.17521842190824,0.3,4.0,5,0.9822872507286842,0.29468617521860524,-0.06011003255844116,6.06768274307251
1.3200000000000007,33.677873246482605,0.3,4.0,5,0.7705132427757756,0.23115397283273267,0.07053959369659424,6.5085649490356445
1.3400000000000007,34.18052807105697,0.3,4.0,5,0.3681245526846607,0.11043736580539822,0.18103551864624023,4.263958930969238
1.3600000000000008,34.68318289563133,0.3,4.0,5,-0.12533323356431983,-0.03759997006929595,0.23685532808303833,1.6630518436431885
1.3800000000000008,35.1858377202057,0.3,4.0,5,-0.5877852522924835,-0.17633557568774502,0.24022632837295532,-0.9840598702430725
1.4000000000000008,35.68849254478006,0.3,4.0,5,-0.9048270524660238,-0.27144811573980715,0.1898699402809143,-3.769510507583618
1.4200000000000008,36.191147369354425,0.3,4.0,5,-0.9980267284282711,-0.2994080185284813,0.0895572304725647,-5.631805896759033
1.4400000000000008,36.69380219392879,0.3,4.0,5,-0.8443279255020127,-0.2532983776506038,-0.03838014602661133,-6.609402656555176
1.4600000000000009,37.19645701850315,0.3,4.0,5,-0.48175367410171405,-0.1445261022305142,-0.15870040655136108,-4.865004062652588
1.4800000000000009,37.69911184307752,0.3,4.0,5,-1.4695761589768238e-15,-4.408728476930471e-16,-0.22665178775787354,-2.257833480834961
1.5000000000000009,38.20176666765188,0.3,4.0,5,0.4817536741017115,0.14452610223051343,-0.23332983255386353,0.5562883615493774
1.520000000000001,38.704421492226246,0.3,4.0,5,0.8443279255020112,0.25329837765060337,-0.1961328387260437,2.6661808490753174
1.540000000000001,39.20707631680061,0.3,4.0,5,0.9980267284282709,0.29940801852848126,-0.11406224966049194,5.139051914215088
1.560000000000001,39.709731141374974,0.3,4.0,5,0.904827052466025,0.2714481157398075,0.006884336471557617,6.2861480712890625
1.580000000000001,40.21238596594934,0.3,4.0,5,0.5877852522924859,0.17633557568774577,0.13264304399490356,5.701043128967285
1.600000000000001,40.7150407905237,0.3,4.0,5,0.12533323356432274,0.03759997006929682,0.21585696935653687,2.899918556213379
1.620000000000001,41.217695615098066,0.3,4.0,5,-0.368124552684658,-0.1104373658053974,0.24514251947402954,0.41416871547698975
1.640000000000001,41.72035043967243,0.3,4.0,5,-0.7705132427757737,-0.2311539728327321,0.22269243001937866,-2.378537893295288
1.660000000000001,42.223005264246794,0.3,4.0,5,-0.9822872507286836,-0.2946861752186051,0.14593642950057983,-4.915734767913818
1.680000000000001,42.72566008882116,0.3,4.0,5,-0.9510565162951629,-0.28531695488854886,0.027653753757476807,-6.311541557312012
1.700000000000001,43.22831491339552,0.3,4.0,5,-0.6845471059287127,-0.20536413177861382,-0.10267394781112671,-6.406365394592285
1.720000000000001,43.730969737969886,0.3,4.0,5,-0.24868988716488946,-0.07460696614946684,-0.20047253370285034,-3.6339240074157715
1.740000000000001,44.23362456254425,0.3,4.0,5,0.24868988716481732,0.07460696614944519,-0.23332983255386353,0.5562934279441833
1.7600000000000011,44.736279387118614,0.3,4.0,5,0.6845471059286584,0.20536413177859753,-0.21798521280288696,1.1219568252563477
1.7800000000000011,45.23893421169298,0.3,4.0,5,0.9510565162951399,0.285316954888542,-0.1649494171142578,3.9029593467712402
1.8000000000000012,45.74158903626734,0.3,4.0,5,0.9822872507286975,0.29468617521860924,-0.06010991334915161,6.067678928375244
1.8200000000000012,46.244243860841706,0.3,4.0,5,0.7705132427758212,0.23115397283274636,0.07053965330123901,6.508079528808594
1.8400000000000012,46.74689868541607,0.3,4.0,5,0.3681245526847272,0.11043736580541816,0.18102842569351196,4.263584613800049
1.8600000000000012,47.249553509990434,0.3,4.0,5,-0.12533323356424883,-0.037599970069274645,0.23684269189834595,1.6634252071380615
1.8800000000000012,47.7522083345648,0.3,4.0,5,-0.5877852522924256,-0.17633557568772767,0.24022060632705688,-0.9838599562644958
1.9000000000000012,48.25486315913916,0.3,4.0,5,-0.9048270524659933,-0.271448115739798,0.18986713886260986,-3.76938533782959
1.9200000000000013,48.75751798371353,0.3,4.0,5,-0.9980267284282756,-0.29940801852848264,0.08955705165863037,-5.631080150604248
1.9400000000000013,49.26017280828789,0.3,4.0,5,-0.8443279255020512,-0.25329837765061536,-0.0383794903755188,-6.609592437744141
1.9600000000000013,49.762827632862255,0.3,4.0,5,-0.4817536741017768,-0.14452610223053303,-0.15869998931884766,-4.865027904510498
1.9800000000000013,50.26548245743662,0.3,4.0,5,-7.301370845464578e-14,-2.1904112536393733e-14,-0.2266516089439392,-2.2578682899475098
2.0000000000000013,50.76813728201098,0.3,4.0,5,0.48175367410164877,0.1445261022304946,-0.2333298921585083,0.5562986731529236
2.0200000000000014,51.27079210658535,0.3,4.0,5,0.8443279255019729,0.2532983776505919,-0.19613295793533325,2.6661875247955322
2.0400000000000014,51.77344693115971,0.3,4.0,5,0.9980267284282665,0.2994080185284799,-0.1140623688697815,5.139045715332031
2.0600000000000014,52.276101755734075,0.3,4.0,5,0.9048270524660554,0.27144811573981664,0.006886899471282959,6.286937713623047
2.0800000000000014,52.77875658030844,0.3,4.0,5,0.5877852522925437,0.17633557568776312,0.13265907764434814,5.7005085945129395
2.1000000000000014,53.2814114048828,0.3,4.0,5,0.12533323356439371,0.03759997006931811,0.2158622145652771,2.8993775844573975
2.1200000000000014,53.78406622945717,0.3,4.0,5,-0.36812455268459143,-0.11043736580537743,0.24514168500900269,0.4141910970211029
2.1400000000000015,54.28672105403153,0.3,4.0,5,-0.7705132427757281,-0.2311539728327184,0.22269171476364136,-2.378528356552124
2.1600000000000015,54.789375878605895,0.3,4.0,5,-0.9822872507286702,-0.294686175218601,0.1459362506866455,-4.915729522705078
2.1800000000000015,55.29203070318026,0.3,4.0,5,-0.951056516295185,-0.28531695488855546,0.027652263641357422,-6.311675071716309
2.2000000000000015,55.79468552775462,0.3,4.0,5,-0.6845471059287649,-0.20536413177862947,-0.10267519950866699,-6.4062981605529785
2.2200000000000015,56.29734035232899,0.3,4.0,5,-0.24868988716495877,-0.07460696614948763,-0.20047295093536377,-3.63386869430542
2.2400000000000015,56.79999517690335,0.3,4.0,5,0.24868988716474805,0.07460696614942441,-0.2333298921585083,0.5562775731086731
2.2600000000000016,57.302650001477716,0.3,4.0,5,0.6845471059286062,0.20536413177858187,-0.21798527240753174,1.1219667196273804
2.2800000000000016,57.80530482605208,0.3,4.0,5,0.9510565162951178,0.2853169548885353,-0.16494899988174438,3.9029738903045654
2.3000000000000016,58.307959650626444,0.3,4.0,5,0.9822872507287109,0.2946861752186133,-0.060109496116638184,6.067658424377441
2.3200000000000016,58.81061447520081,0.3,4.0,5,0.7705132427758667,0.23115397283276,0.07054364681243896,6.5087199211120605
2.3400000000000016,59.31326929977517,0.3,4.0,5,0.3681245526847937,0.11043736580543811,0.1810428500175476,4.264130592346191
2.3600000000000017,59.815924124349536,0.3,4.0,5,-0.12533323356417786,-0.037599970069253356,0.23686248064041138,1.6628146171569824
2.3800000000000017,60.3185789489239,0.3,4.0,5,-0.5877852522923678,-0.17633557568771033,0.24022799730300903,-0.9841194152832031
2.4000000000000017,60.821233773498264,0.3,4.0,5,-0.9048270524659628,-0.27144811573978883,0.18987083435058594,-3.76951265335083
2.4200000000000017,61.32388859807263,0.3,4.0,5,-0.9980267284282801,-0.29940801852848403,0.08955919742584229,-5.631271839141846
2.4400000000000017,61.82654342264699,0.3,4.0,5,-0.8443279255020895,-0.25329837765062685,-0.038381099700927734,-6.60993766784668
2.4600000000000017,62.329198247221356,0.3,4.0,5,-0.48175367410183945,-0.14452610223055182,-0.15870171785354614,-4.864949703216553
2.4800000000000018,62.83185307179572,0.3,4.0,5,-1.4455784075031474e-13,-4.336735222509442e-14,-0.22665250301361084,-2.2578155994415283
2.5000000000000018,63.334507896370084,0.3,4.0,5,0.4817536741015861,0.14452610223047582,-0.2333298921585083,0.5562976002693176
2.520000000000002,63.83716272094445,0.3,4.0,5,0.8443279255019346,0.2532983776505804,-0.19613295793533325,2.66618275642395
2.540000000000002,64.33981754551881,0.3,4.0,5,0.9980267284282619,0.29940801852847854,-0.11406242847442627,5.139059543609619
2.560000000000002,64.84247237009318,0.3,4.0,5,0.904827052466086,0.2714481157398258,0.0068833231925964355,6.2866716384887695
2.580000000000002,65.34512719466754,0.3,4.0,5,0.5877852522926017,0.1763355756877805,0.1326475739479065,5.700877666473389
2.600000000000002,65.8477820192419,0.3,4.0,5,0.12533323356446469,0.037599970069339406,0.21585780382156372,2.899770736694336
2.620000000000002,66.35043684381627,0.3,4.0,5,-0.36812455268452493,-0.11043736580535747,0.24514251947402954,0.41414469480514526
2.640000000000002,66.85309166839063,0.3,4.0,5,-0.7705132427756824,-0.23115397283270472,0.22269219160079956,-2.37854266166687
2.660000000000002,67.355746492965,0.3,4.0,5,-0.9822872507286567,-0.294686175218597,0.14593607187271118,-4.91570520401001
2.680000000000002,67.85840131753936,0.3,4.0,5,-0.951056516295207,-0.2853169548885621,0.027648091316223145,-6.310506820678711
2.700000000000002,68.36105614211372,0.3,4.0,5,-0.684547105928817,-0.20536413177864507,-0.10265612602233887,-6.4068684577941895
2.720000000000002,68.86371096668809,0.3,4.0,5,-0.24868988716502807,-0.07460696614950842,-0.20046597719192505,-3.634486198425293
2.740000000000002,69.36636579126245,0.3,4.0,5,0.24868988716467874,0.07460696614940363,-0.23332983255386353,0.5562818050384521
2.760000000000002,69.86902061583682,0.3,4.0,5,0.6845471059285541,0.20536413177856622,-0.2179853320121765,1.121955156326294
2.780000000000002,70.37167544041118,0.3,4.0,5,0.9510565162950957,0.2853169548885287,-0.16494929790496826,3.9029593467712402
2.800000000000002,70.87433026498555,0.3,4.0,5,0.9822872507287244,0.2946861752186173,-0.060109853744506836,6.067659854888916
2.820000000000002,71.37698508955991,0.3,4.0,5,0.7705132427759124,0.2311539728327737,0.07054328918457031,6.508693218231201
2.840000000000002,71.87963991413427,0.3,4.0,5,0.3681245526848603,0.11043736580545808,0.18104177713394165,4.264093399047852
2.860000000000002,72.38229473870864,0.3,4.0,5,-0.1253332335641069,-0.03759997006923207,0.23686081171035767,1.6628631353378296
2.880000000000002,72.884949563283,0.3,4.0,5,-0.5877852522923098,-0.17633557568769295,0.24022692441940308,-0.9840896725654602
2.900000000000002,73.38760438785737,0.3,4.0,5,-0.9048270524659324,-0.2714481157397797,0.1898701786994934,-3.769486665725708
2.920000000000002,73.89025921243173,0.3,4.0,5,-0.9980267284282845,-0.29940801852848536,0.08955919742584229,-5.631008625030518
2.940000000000002,74.3929140370061,0.3,4.0,5,-0.8443279255021278,-0.25329837765063834,-0.038379013538360596,-6.609791278839111
2.960000000000002,74.89556886158046,0.3,4.0,5,-0.4817536741019021,-0.14452610223057064,-0.15870016813278198,-4.865018367767334
2.980000000000002,75.39822368615482,0.3,4.0,5,-2.161019730459837e-13,-6.48305919137951e-14,-0.22665172815322876,-2.257854461669922
